{"type":"FeatureCollection","source":"https://gdi.berlin.de/services/wfs/alkis_land","retrieved":"2026-09-03","license":"dl-de-zero-2.0","coordinateOrder":"longitude,latitude (EPSG:4326)","features":[{"type":"Feature","id":"landesgrenze.11","geometry":{"type":"MultiPolygon","coordinates":[[[[13.39305803,52.64590891],[13.39306648,52.64600885],[13.39309016,52.64603357],[13.39302076,52.64600562],[13.3930177,52.64593001],[13.39305803,52.64590891]]],[[[13.50545215,52.61988816],[13.50543971,52.61988293],[13.50537001,52.61985366],[13.50484398,52.61961534],[13.50480797,52.61959825],[13.50477532,52.61958274],[13.50467248,52.61953392],[13.50376563,52.61920569],[13.50359607,52.61911907],[13.50349261,52.61903622],[13.50345213,52.61900381],[13.50344004,52.61899427],[13.50345717,52.61899977],[13.50365135,52.61909585],[13.50494326,52.6195234],[13.50495234,52.6195264],[13.5049998,52.6195421],[13.50506014,52.6195621],[13.5054381,52.61968578],[13.50544846,52.61983433],[13.50545215,52.61988816]]],[[[13.39290585,52.64564889],[13.3929209,52.64566613],[13.39284736,52.64566164],[13.39274416,52.64564377],[13.39270047,52.64558166],[13.39278577,52.64549475],[13.39290585,52.64564889]]],[[[13.5051761,52.59646289],[13.50517091,52.59647093],[13.50509295,52.59659088],[13.50507667,52.59661586],[13.50507146,52.59662382],[13.50506587,52.59663455],[13.50229395,52.60051492],[13.50224009,52.6005903],[13.5022224,52.60061506],[13.50031899,52.60327916],[13.49904012,52.60506892],[13.49901096,52.60510972],[13.49897351,52.60516214],[13.4989358,52.60515995],[13.49801818,52.60510642],[13.4975985,52.60508193],[13.49680395,52.60503557],[13.49666159,52.60502777],[13.49678821,52.60548866],[13.49712486,52.60669714],[13.49718378,52.60688448],[13.49723572,52.60704943],[13.49728777,52.60721314],[13.49733925,52.60737792],[13.49739146,52.60754224],[13.49744352,52.60770657],[13.49749574,52.60787143],[13.49755511,52.6080435],[13.4976143,52.60821503],[13.49767386,52.60838718],[13.497733,52.6085588],[13.49779242,52.60873086],[13.49785156,52.60890328],[13.49791054,52.60907444],[13.49797056,52.60924884],[13.49824614,52.61001371],[13.49839521,52.61042751],[13.49848321,52.61067186],[13.4984841,52.61067437],[13.49850811,52.6107409],[13.49850898,52.61074351],[13.49866346,52.61102855],[13.49882588,52.61131991],[13.49883528,52.61133678],[13.49895452,52.61155069],[13.49910447,52.61181955],[13.49916281,52.61191307],[13.49918088,52.61194176],[13.4993163,52.61215872],[13.49937794,52.61225748],[13.49944988,52.61237269],[13.4994927,52.61244128],[13.49960673,52.61262395],[13.49969697,52.61276852],[13.49980496,52.61294144],[13.49989166,52.6130802],[13.50008286,52.61338647],[13.50009388,52.61340446],[13.50022656,52.61362072],[13.50026389,52.61368143],[13.50026961,52.61369213],[13.50036624,52.6138742],[13.5003677,52.61387681],[13.50043774,52.6140088],[13.50045345,52.61403883],[13.50049501,52.6141184],[13.50063626,52.61438841],[13.50065285,52.61442024],[13.50074102,52.61461562],[13.5008066,52.61476063],[13.50086017,52.6148829],[13.50087316,52.61490821],[13.50095204,52.61505877],[13.50102999,52.61520991],[13.50110691,52.61536335],[13.50118623,52.61551778],[13.50120498,52.61555431],[13.50126868,52.61566455],[13.50135113,52.61580726],[13.50143084,52.61594523],[13.50150923,52.61608091],[13.50154647,52.61614536],[13.5016446,52.6163152],[13.50174258,52.61648481],[13.50184881,52.61666864],[13.50189923,52.61675591],[13.50194464,52.61682858],[13.5019828,52.61688967],[13.50205903,52.61701166],[13.50215626,52.61716726],[13.50225936,52.61733227],[13.50278082,52.6181627],[13.50280978,52.61820639],[13.50322469,52.61883569],[13.50327045,52.61890095],[13.50329555,52.61896416],[13.5033081,52.61899288],[13.5033896,52.61906166],[13.50351498,52.61916749],[13.50370271,52.61926144],[13.50461502,52.61959137],[13.50466193,52.61961416],[13.50469419,52.61962983],[13.50472475,52.61964469],[13.50525033,52.61988328],[13.50530439,52.61990703],[13.50533419,52.61992012],[13.50545827,52.6199748],[13.50546224,52.62003303],[13.50546808,52.62011736],[13.50547295,52.62018768],[13.50549346,52.62048392],[13.50550952,52.62071578],[13.5055206,52.62087727],[13.50553255,52.62103939],[13.50553411,52.62106159],[13.50554347,52.62120071],[13.50554521,52.62124292],[13.50555366,52.62136333],[13.50556457,52.62152529],[13.5055758,52.62168702],[13.505587,52.62184906],[13.50559911,52.62201074],[13.50560304,52.62208566],[13.50560785,52.62215567],[13.50560852,52.62217282],[13.50561897,52.6223346],[13.50563131,52.62251471],[13.50564423,52.62269464],[13.50565662,52.62287466],[13.50566671,52.62301357],[13.50566929,52.62305432],[13.50568187,52.62323425],[13.50569403,52.62341419],[13.50570663,52.62359404],[13.50571906,52.62377396],[13.5057311,52.62395362],[13.50574618,52.62417153],[13.50574704,52.62418015],[13.50576291,52.62441539],[13.50576569,52.6244497],[13.50578521,52.62473754],[13.50579287,52.62485192],[13.50579598,52.62489171],[13.50580706,52.62505287],[13.50582882,52.62537699],[13.5058547,52.62575196],[13.50604375,52.62583065],[13.50616601,52.62588155],[13.50631623,52.62594384],[13.50647286,52.62600887],[13.50647656,52.62601043],[13.50674011,52.62611973],[13.50675097,52.62612443],[13.50701584,52.62623436],[13.50704015,52.62624454],[13.50721154,52.62631574],[13.50768053,52.62651092],[13.50774846,52.6265386],[13.50775174,52.62653994],[13.50776306,52.62654454],[13.50780089,52.62655884],[13.50789111,52.62659293],[13.50790213,52.62659679],[13.50790797,52.62659887],[13.50795574,52.62661591],[13.50826467,52.62672568],[13.50844629,52.6267902],[13.50861124,52.62684904],[13.50890652,52.62695405],[13.50895546,52.62697048],[13.50929311,52.62708797],[13.50943071,52.62713584],[13.5095921,52.62719193],[13.50962719,52.62720421],[13.5098831,52.62729324],[13.51006105,52.62735515],[13.51026692,52.62742676],[13.51044031,52.62748233],[13.51069696,52.62756456],[13.51089407,52.6276278],[13.51095829,52.62764841],[13.51121962,52.62773212],[13.5113919,52.62778746],[13.51154153,52.62782661],[13.51181267,52.62789732],[13.51208507,52.62796778],[13.51235728,52.62803745],[13.51262851,52.62811092],[13.51287671,52.6281739],[13.512899,52.62817972],[13.51317074,52.62825021],[13.51328815,52.62828077],[13.51344235,52.62832067],[13.51371393,52.62839119],[13.51380903,52.62841583],[13.51427651,52.62853728],[13.51452132,52.62860086],[13.514652,52.62863476],[13.51476447,52.62866728],[13.51500475,52.62873672],[13.51524506,52.62880618],[13.51548547,52.62887561],[13.51572586,52.62894502],[13.51585937,52.62898362],[13.5159662,52.6290145],[13.51622066,52.62908767],[13.51639453,52.62913792],[13.51647364,52.62916174],[13.51672543,52.62923756],[13.51697711,52.62931343],[13.51722885,52.62938897],[13.51748142,52.6294645],[13.51764908,52.62951494],[13.51781647,52.62956534],[13.51784796,52.62966947],[13.51789985,52.6298413],[13.51795399,52.63001705],[13.51800739,52.63019336],[13.51806059,52.63037033],[13.51811452,52.63054658],[13.51816997,52.63072728],[13.51821768,52.63088843],[13.51826723,52.63104914],[13.518424,52.63156766],[13.51843986,52.63162002],[13.51844014,52.63162092],[13.518469,52.63169176],[13.51847103,52.63169676],[13.51848427,52.63172527],[13.51849524,52.63175151],[13.51851451,52.63179036],[13.51861537,52.63200693],[13.51869497,52.63217958],[13.51871842,52.63222968],[13.51877622,52.63235258],[13.51885631,52.63252579],[13.51893623,52.6326981],[13.51901712,52.63287166],[13.51902204,52.63288224],[13.51909676,52.63304339],[13.51917822,52.63321748],[13.51925843,52.63339043],[13.51933884,52.63356338],[13.51941897,52.63373635],[13.51949928,52.6339092],[13.51957957,52.63408197],[13.51965982,52.63425503],[13.51973574,52.63441594],[13.51974033,52.63442795],[13.51975571,52.63445934],[13.51977097,52.63448894],[13.51982961,52.63460011],[13.51991905,52.6347716],[13.5199669,52.63486297],[13.5201094,52.63513499],[13.52011176,52.63513899],[13.52013857,52.63519067],[13.52016773,52.63524632],[13.52037252,52.63563779],[13.52041088,52.63571052],[13.52045103,52.63581085],[13.52048008,52.63588505],[13.52051987,52.63598588],[13.52058293,52.63614681],[13.52058862,52.63616085],[13.5205899,52.63616469],[13.52065697,52.63633495],[13.52072614,52.63651054],[13.52079485,52.63668501],[13.52086384,52.63686017],[13.52088061,52.63690274],[13.52092081,52.63703749],[13.52097361,52.63721442],[13.52102656,52.63739188],[13.52105719,52.63749455],[13.5210976,52.63756573],[13.52113256,52.63762731],[13.52119472,52.6377368],[13.52125428,52.63784205],[13.52127609,52.63788059],[13.52129117,52.63790719],[13.52138791,52.63807755],[13.52140245,52.63810307],[13.52148414,52.63824715],[13.52171885,52.6386603],[13.52173185,52.63870072],[13.52174053,52.63872604],[13.52176317,52.63879226],[13.52187727,52.63912307],[13.5219364,52.63929901],[13.52199825,52.63947464],[13.52205899,52.63965164],[13.52211938,52.63982765],[13.5221799,52.64000362],[13.52224035,52.6401802],[13.52230072,52.64035613],[13.52235573,52.64051439],[13.52243981,52.64076147],[13.52250138,52.64122252],[13.52251052,52.64129555],[13.52251966,52.64136909],[13.52255589,52.64164722],[13.52256746,52.64173571],[13.5225863,52.64183076],[13.52262152,52.64200861],[13.5226565,52.64218748],[13.52266299,52.64221868],[13.52268643,52.64236665],[13.52271481,52.64254558],[13.52271855,52.6425657],[13.52275286,52.64277903],[13.52278105,52.64295427],[13.52279224,52.64301152],[13.52281383,52.64312683],[13.52283014,52.64324435],[13.52286264,52.64347558],[13.52289443,52.64370768],[13.52292604,52.64393155],[13.5229394,52.64404121],[13.52294889,52.64411043],[13.52295695,52.64427486],[13.52296685,52.64439042],[13.52302198,52.64503471],[13.52242903,52.64499619],[13.52184629,52.644943],[13.52180295,52.644939],[13.52166999,52.64493317],[13.52039117,52.64487701],[13.5203177,52.6449784],[13.52024491,52.64507974],[13.52022989,52.64510037],[13.52022632,52.64510531],[13.51994057,52.64549864],[13.51993387,52.64552091],[13.5198938,52.64565477],[13.51988904,52.64567023],[13.51988084,52.64569772],[13.51987504,52.64571721],[13.51986244,52.64576529],[13.51984992,52.64580297],[13.51965175,52.64622296],[13.51961465,52.64629256],[13.51958901,52.64634066],[13.51958853,52.64634163],[13.51957155,52.64637615],[13.51927555,52.6469287],[13.51926676,52.64694519],[13.51848053,52.64681916],[13.51785734,52.6467039],[13.51716249,52.64656298],[13.51681158,52.64647775],[13.5165479,52.64641388],[13.51601318,52.64629799],[13.51585685,52.64626436],[13.51562051,52.64621267],[13.5153839,52.64616108],[13.5153348,52.64615145],[13.51518677,52.64611892],[13.51515093,52.64610752],[13.51492497,52.64603887],[13.51469899,52.64597021],[13.51457256,52.64593155],[13.51448594,52.6459051],[13.5143274,52.64585684],[13.51427668,52.64584118],[13.51416804,52.64580795],[13.51400801,52.64576015],[13.51384962,52.64571127],[13.51363735,52.64564639],[13.51343905,52.64558577],[13.51328139,52.64553776],[13.51297486,52.64544436],[13.51282846,52.64539919],[13.51193394,52.64582819],[13.5113875,52.64611972],[13.5109332,52.6463621],[13.51055093,52.64656605],[13.51051325,52.64658616],[13.51050667,52.64658966],[13.51043632,52.64662718],[13.51043298,52.64662897],[13.51038978,52.6466509],[13.51029595,52.64669819],[13.5102186,52.64674116],[13.51008897,52.64680955],[13.51004111,52.64683481],[13.51001633,52.64684788],[13.51000343,52.64685468],[13.50999243,52.64686049],[13.50995477,52.64688035],[13.50936312,52.64719388],[13.50899826,52.64738564],[13.50839702,52.64770163],[13.5082911,52.64775799],[13.50812516,52.64784735],[13.50792604,52.64795459],[13.50772692,52.64806182],[13.50765857,52.64809663],[13.50728449,52.64830069],[13.50726947,52.64830888],[13.50724789,52.64831877],[13.50715741,52.64836026],[13.50713843,52.64836897],[13.50712373,52.64837663],[13.50679273,52.64854924],[13.50578297,52.64904488],[13.50515437,52.64935341],[13.50472284,52.64956374],[13.50314303,52.64997087],[13.50270843,52.65016041],[13.50261236,52.6501948],[13.50180965,52.65049029],[13.50045035,52.65101304],[13.50040039,52.65103226],[13.50002788,52.65117844],[13.49998836,52.65119394],[13.49975215,52.65128664],[13.49938838,52.65142938],[13.49802857,52.65196297],[13.4974262,52.65219932],[13.49538545,52.65300002],[13.4950788,52.65312033],[13.49439568,52.65338834],[13.49348264,52.65374654],[13.4917326,52.6544215],[13.49099672,52.65470529],[13.4909468,52.65472454],[13.49075955,52.65479675],[13.4896037,52.65578761],[13.48957206,52.65581473],[13.48956376,52.65582186],[13.48948188,52.65589203],[13.48938316,52.65597667],[13.48902836,52.65628081],[13.48830595,52.65690005],[13.48826585,52.65693442],[13.48821891,52.65697466],[13.48817919,52.65700869],[13.48808938,52.65708567],[13.48806801,52.657104],[13.48805798,52.65711259],[13.48690429,52.65810146],[13.4868468,52.65815074],[13.48535932,52.65942562],[13.48542542,52.65967074],[13.48544331,52.65973708],[13.4854619,52.65980597],[13.4856114,52.66036031],[13.4858195,52.66113184],[13.48583735,52.66119801],[13.48599864,52.66179595],[13.48619845,52.66253674],[13.48621413,52.66259487],[13.48632236,52.66299611],[13.48644272,52.6634423],[13.48691016,52.66517509],[13.48691674,52.66519947],[13.48696246,52.66536896],[13.4872868,52.66657122],[13.48729586,52.6666048],[13.48750256,52.66737094],[13.48769143,52.668071],[13.48770753,52.66813066],[13.48792527,52.66893767],[13.48795382,52.66904346],[13.4884242,52.67078672],[13.48637528,52.67005983],[13.4852187,52.66964033],[13.48498523,52.66958519],[13.48485618,52.6695547],[13.48378748,52.66930229],[13.48351116,52.66921798],[13.48081788,52.66839604],[13.47993476,52.66810968],[13.47797456,52.66767813],[13.47697027,52.66712001],[13.47585988,52.66656126],[13.47583275,52.6665476],[13.47573175,52.66662553],[13.47571741,52.6666366],[13.47569724,52.66665215],[13.47565992,52.66669197],[13.47556357,52.66686923],[13.47557786,52.66705738],[13.47554737,52.66718453],[13.47554879,52.66727501],[13.47557169,52.66733275],[13.47562136,52.66741074],[13.47567947,52.66746815],[13.47569814,52.66749948],[13.47568136,52.66753545],[13.4756261,52.66760219],[13.47542178,52.66776891],[13.475301,52.66790198],[13.47513136,52.66799042],[13.47489311,52.6680424],[13.47470612,52.66804313],[13.4745855,52.66806375],[13.47453191,52.66822199],[13.47473643,52.66858861],[13.47530259,52.66952052],[13.47595048,52.67054773],[13.47596757,52.67057783],[13.47611799,52.67084265],[13.47629903,52.67111052],[13.47633075,52.67115744],[13.47634079,52.67117231],[13.47634955,52.67118528],[13.47635811,52.67119794],[13.47646639,52.67135814],[13.47691009,52.67179176],[13.47726246,52.67207089],[13.47823734,52.67307165],[13.47984759,52.67472452],[13.48008439,52.67485843],[13.47998125,52.67495477],[13.47948781,52.6755077],[13.47727325,52.67390082],[13.47661829,52.67428888],[13.47628027,52.67448903],[13.47586969,52.67477763],[13.47552017,52.67502313],[13.47549269,52.67500774],[13.47528641,52.67484123],[13.47414727,52.6739217],[13.47355539,52.67344391],[13.47184406,52.67198592],[13.47167621,52.6718429],[13.47071451,52.67102351],[13.47068669,52.6710307],[13.4705789,52.67105858],[13.47052278,52.67107308],[13.46993821,52.67057001],[13.46803863,52.66893512],[13.46798226,52.66888662],[13.46597127,52.66715569],[13.46592802,52.66711845],[13.46576537,52.66716583],[13.46381203,52.66773486],[13.46296552,52.66798145],[13.46293579,52.6679901],[13.46282845,52.66802138],[13.46085787,52.66859535],[13.45986108,52.66888567],[13.45958421,52.66896631],[13.45955373,52.66897518],[13.45574301,52.66593765],[13.45550609,52.66574877],[13.45544876,52.66572624],[13.45521615,52.66563479],[13.45450002,52.6651568],[13.45179122,52.66334865],[13.45168129,52.66327526],[13.45163416,52.6632438],[13.4515495,52.66318629],[13.45094914,52.66277845],[13.45086177,52.6627191],[13.4507857,52.66266742],[13.45285732,52.66213138],[13.45394511,52.66184989],[13.45491667,52.66137283],[13.45615514,52.66073761],[13.45674756,52.66043554],[13.45677601,52.66042103],[13.45748968,52.66005713],[13.45763733,52.65998183],[13.4580394,52.65977011],[13.45846075,52.65954823],[13.45877074,52.65938863],[13.4588609,52.65934221],[13.45961225,52.65895535],[13.45989945,52.65880868],[13.46049658,52.65850374],[13.46072276,52.65838823],[13.46094549,52.65827448],[13.46117688,52.65815631],[13.46141466,52.65803488],[13.46165229,52.65791351],[13.4623831,52.65754027],[13.46259821,52.65752078],[13.46270893,52.65751074],[13.46451044,52.6573475],[13.47117846,52.656743],[13.47126166,52.65673546],[13.47172981,52.656693],[13.47351292,52.65653128],[13.4735209,52.65646211],[13.47352279,52.65644581],[13.47353118,52.65637329],[13.4736783,52.65632289],[13.47412577,52.65594475],[13.47426262,52.65575228],[13.47427102,52.65568824],[13.47422117,52.65559395],[13.47418811,52.65536424],[13.47403919,52.65485956],[13.474062,52.65481246],[13.47408007,52.65477212],[13.47406127,52.65469672],[13.47404914,52.65463717],[13.47402995,52.65463685],[13.47402901,52.65455861],[13.47411819,52.65451513],[13.47408636,52.65440007],[13.4740762,52.65436336],[13.47406279,52.65433257],[13.47390654,52.65411858],[13.47361398,52.65391422],[13.47350807,52.65387547],[13.47327484,52.65382934],[13.47296347,52.65369494],[13.47270671,52.6536267],[13.47265814,52.65360554],[13.47261663,52.65356569],[13.47241085,52.65347897],[13.47217647,52.65341117],[13.47215559,52.65337569],[13.4720556,52.65331038],[13.47197409,52.65322951],[13.47179374,52.65314408],[13.47174249,52.6531095],[13.47163414,52.65303638],[13.47156722,52.65299123],[13.47149531,52.65292729],[13.47144616,52.65288358],[13.47131631,52.65280764],[13.47127134,52.65278134],[13.47115866,52.65270494],[13.47108982,52.65265828],[13.47096824,52.65259758],[13.47079864,52.65251291],[13.47057484,52.65240117],[13.4704958,52.65236172],[13.4704056,52.65227429],[13.47027626,52.65214896],[13.47015998,52.65204152],[13.46996671,52.65186296],[13.46989198,52.65183154],[13.46964894,52.65177123],[13.46926739,52.65166528],[13.46901358,52.65167467],[13.46894628,52.65169049],[13.46876188,52.65173383],[13.46866079,52.65172078],[13.4685594,52.65167876],[13.46848812,52.65163611],[13.46831165,52.65165826],[13.46813984,52.6516372],[13.46800755,52.65160475],[13.4676589,52.65158937],[13.46755354,52.65159996],[13.46733117,52.65166549],[13.46707493,52.65165348],[13.46693475,52.65161463],[13.46679438,52.6515179],[13.46658011,52.65147526],[13.46645225,52.65141732],[13.46638366,52.65138624],[13.46572367,52.65116861],[13.46571361,52.65116213],[13.46551656,52.65103513],[13.46529702,52.65091603],[13.46502648,52.65073857],[13.46473296,52.6506883],[13.46466011,52.6506573],[13.46456321,52.65057721],[13.46451755,52.65055791],[13.46446483,52.65055225],[13.46442275,52.65055242],[13.46436487,52.65054857],[13.46427631,52.65052137],[13.46425993,52.65050724],[13.46426027,52.65048188],[13.46427217,52.65043461],[13.46425306,52.65041795],[13.46418994,52.65043564],[13.46413851,52.65044292],[13.4641017,52.65044028],[13.46405721,52.65043493],[13.46401257,52.65042796],[13.46386889,52.65037707],[13.46376418,52.65030513],[13.46359577,52.65021777],[13.46305697,52.64992414],[13.46276252,52.64962421],[13.46274811,52.6495987],[13.46268204,52.64948177],[13.46254249,52.6492227],[13.46240945,52.64905981],[13.46236319,52.64901489],[13.46234022,52.64899257],[13.46220867,52.64889308],[13.46212089,52.64885038],[13.46182292,52.64882361],[13.46155823,52.648779],[13.46129431,52.64873452],[13.46079446,52.64860094],[13.46041376,52.64847671],[13.46007206,52.64831378],[13.45993977,52.64821982],[13.45986163,52.64816764],[13.45973261,52.64808147],[13.45969236,52.64808557],[13.45838455,52.64821866],[13.4583379,52.64822341],[13.45645463,52.64841504],[13.45627338,52.64837845],[13.45399833,52.64855256],[13.45287618,52.64863867],[13.45208451,52.64869945],[13.45209212,52.64897791],[13.4520978,52.64967171],[13.45204905,52.64968047],[13.45198442,52.64969209],[13.45168738,52.64962428],[13.45159933,52.64974147],[13.45151036,52.64975616],[13.45137111,52.64977914],[13.45128444,52.64979499],[13.45118808,52.6498126],[13.45097762,52.64985106],[13.45066115,52.6498723],[13.45032327,52.64989497],[13.44998538,52.64991764],[13.44995025,52.64991999],[13.44967395,52.64993853],[13.4493397,52.64996096],[13.4490312,52.64998165],[13.44873738,52.65000136],[13.44841009,52.65001667],[13.44811237,52.65003061],[13.44807183,52.65003203],[13.44788746,52.65003847],[13.44771676,52.65003861],[13.44749039,52.65002509],[13.44737169,52.65000287],[13.44707385,52.64994592],[13.44676152,52.64989751],[13.44656986,52.64984854],[13.44644564,52.64978601],[13.44609935,52.64971683],[13.44592626,52.64967369],[13.44538202,52.64956186],[13.44517011,52.64952885],[13.44491327,52.64950183],[13.44459381,52.64950893],[13.44428508,52.64951596],[13.44399012,52.6495225],[13.44371176,52.64952865],[13.44335321,52.64953667],[13.4433096,52.64953757],[13.44319887,52.64934941],[13.44289383,52.64936005],[13.44277277,52.6491243],[13.44217729,52.64907246],[13.44160985,52.64902305],[13.44165098,52.64932962],[13.44154617,52.64938365],[13.44138093,52.64935617],[13.44093599,52.64928218],[13.44082132,52.64926311],[13.44081274,52.64922739],[13.44074388,52.64896064],[13.43979046,52.64526695],[13.43941182,52.64525577],[13.43907722,52.64521408],[13.43882106,52.64515253],[13.43853335,52.64510619],[13.4381847,52.64505002],[13.43798441,52.64501776],[13.4377868,52.64498592],[13.43755026,52.64494392],[13.43711388,52.64486803],[13.43690571,52.64483959],[13.4367195,52.6448194],[13.4366783,52.64481489],[13.4364885,52.64478746],[13.43634934,52.64476747],[13.43632688,52.64476425],[13.43631475,52.64476251],[13.43621679,52.64474699],[13.43603932,52.6447178],[13.43570135,52.64466222],[13.43537459,52.64456624],[13.43535464,52.64456038],[13.43529037,52.64453968],[13.43526183,52.64453048],[13.43482608,52.64444479],[13.43447068,52.64437954],[13.4341862,52.64431994],[13.43403018,52.64428726],[13.43400913,52.64428283],[13.43387323,52.64400995],[13.43385327,52.64393694],[13.43383945,52.64388646],[13.43382236,52.64382396],[13.4337972,52.64363631],[13.43378759,52.64355772],[13.4337724,52.64343352],[13.43374406,52.64322965],[13.43363496,52.64281945],[13.43357998,52.64262823],[13.43353167,52.6424319],[13.43351779,52.64234929],[13.43350928,52.64229862],[13.43347987,52.64212357],[13.43350704,52.64212184],[13.43338985,52.64147449],[13.43349337,52.64104906],[13.43354828,52.6408236],[13.43362468,52.64050995],[13.43363663,52.64046093],[13.4336577,52.64037439],[13.43381517,52.63972679],[13.43390302,52.6393656],[13.43393081,52.63926077],[13.43395916,52.63915316],[13.43404889,52.63881264],[13.43407476,52.63870817],[13.43407557,52.63870488],[13.4341506,52.6384013],[13.43420861,52.6381666],[13.43426109,52.63795389],[13.43272251,52.63737787],[13.43144997,52.63741146],[13.43128484,52.63741582],[13.43127842,52.63741599],[13.43017725,52.63744521],[13.42890352,52.6374784],[13.42763052,52.63751177],[13.42756839,52.63747474],[13.42724278,52.6372807],[13.42720702,52.63725941],[13.42715744,52.63722988],[13.42714787,52.63722417],[13.42693795,52.63709916],[13.42689221,52.63707193],[13.42673117,52.63697601],[13.42671646,52.63696726],[13.42662703,52.636914],[13.42661479,52.63690671],[13.4261402,52.63662403],[13.42549686,52.63624082],[13.42437895,52.63557491],[13.42435456,52.63546491],[13.42423623,52.63552979],[13.42418118,52.63555997],[13.42407883,52.6356161],[13.42404143,52.6356366],[13.42395234,52.63568545],[13.42171475,52.63691224],[13.42169601,52.63692159],[13.42159051,52.63697809],[13.4214184,52.63707007],[13.42122944,52.63717112],[13.42101602,52.63728513],[13.42079041,52.6374058],[13.42012803,52.63772672],[13.41917133,52.63819077],[13.41797139,52.6387523],[13.4170115,52.63920153],[13.41685666,52.63926801],[13.41655001,52.63943385],[13.41629972,52.63964091],[13.41599727,52.63989078],[13.41568773,52.64013123],[13.41507827,52.6406281],[13.41442899,52.64111698],[13.41425835,52.64124022],[13.41435206,52.64133643],[13.41465493,52.64167191],[13.41475133,52.6417799],[13.41474695,52.64193231],[13.41474165,52.64215883],[13.4147364,52.64238501],[13.41441875,52.64251168],[13.41362949,52.64246575],[13.41359502,52.64248674],[13.41268429,52.64318226],[13.41248542,52.64333423],[13.41241987,52.64338436],[13.41229229,52.64348199],[13.41224768,52.64347393],[13.41220463,52.64346615],[13.41203801,52.64343605],[13.40917432,52.64291886],[13.40915962,52.64291622],[13.40905718,52.64289785],[13.40904433,52.64289554],[13.40902179,52.64289146],[13.40894601,52.64287766],[13.40891126,52.64287125],[13.40875188,52.64284258],[13.40873626,52.64283973],[13.40867036,52.64282779],[13.40856539,52.64280882],[13.40852987,52.64280234],[13.40845865,52.64278934],[13.40805097,52.64271585],[13.40788456,52.64268566],[13.4074951,52.64303484],[13.40715959,52.64333573],[13.40688536,52.6435813],[13.40674889,52.64370365],[13.40659041,52.64384606],[13.4061975,52.64399671],[13.40474798,52.64455322],[13.40389295,52.6448624],[13.40324089,52.645187],[13.40106393,52.64638071],[13.40102126,52.64640409],[13.40094359,52.64644651],[13.40075693,52.64654911],[13.40049407,52.64669309],[13.40035453,52.6467696],[13.39972022,52.64713202],[13.39930988,52.64736647],[13.39790586,52.64811462],[13.3979376,52.64828898],[13.39780973,52.64829296],[13.39779982,52.64829327],[13.39777158,52.64829415],[13.39759769,52.64822013],[13.39738122,52.648191],[13.39727012,52.64814961],[13.39705132,52.64802491],[13.39700381,52.6479521],[13.39683698,52.6478317],[13.39680772,52.64769389],[13.39638868,52.64742389],[13.39620815,52.64742798],[13.39607368,52.64744005],[13.39580595,52.64742976],[13.3955103,52.64743496],[13.39524311,52.64743882],[13.39519917,52.64743946],[13.39492207,52.64749184],[13.39455405,52.6475552],[13.39450184,52.64753251],[13.39449876,52.64751328],[13.39447453,52.6473624],[13.39433923,52.64716622],[13.39413604,52.6469196],[13.39396098,52.64675937],[13.3939091,52.64669232],[13.3938454,52.64651927],[13.39388651,52.64648138],[13.39392725,52.64644385],[13.3939224,52.64640265],[13.39386738,52.64631739],[13.39373199,52.64622738],[13.39370432,52.64621898],[13.39355916,52.64617491],[13.39344829,52.64616518],[13.3933788,52.6461591],[13.3933463,52.64615625],[13.39320869,52.64605107],[13.39317286,52.64598845],[13.39314819,52.64596358],[13.3931403,52.64588046],[13.39318838,52.64586465],[13.39319747,52.64586167],[13.39325986,52.64583415],[13.39329759,52.64579844],[13.39326766,52.64576209],[13.39319826,52.64570526],[13.39311216,52.64567621],[13.39306775,52.64566266],[13.39300339,52.64564303],[13.39293156,52.64556214],[13.39296236,52.64554323],[13.39317809,52.64541079],[13.39304132,52.64531226],[13.39294633,52.64531733],[13.39284571,52.64532269],[13.39282609,52.64537763],[13.3928478,52.64546724],[13.39282222,52.64543309],[13.39276256,52.6453566],[13.39271803,52.64530746],[13.39287902,52.6452765],[13.3929231,52.64526497],[13.39294882,52.64523481],[13.39287906,52.64517122],[13.39281142,52.64514759],[13.39252754,52.64509708],[13.39250726,52.64507855],[13.39237945,52.64497809],[13.3923661,52.64496013],[13.39240702,52.64488866],[13.39242656,52.64480449],[13.39240659,52.6447827],[13.3923734,52.64476715],[13.39233856,52.64476036],[13.39224254,52.64477514],[13.39215439,52.64481487],[13.39209145,52.64482101],[13.39202859,52.64478938],[13.39191223,52.64474949],[13.39192695,52.6446936],[13.39198862,52.6446016],[13.39226275,52.64447883],[13.3923129,52.64443902],[13.39233098,52.64440399],[13.39231371,52.64437979],[13.39227933,52.64436505],[13.39216747,52.64434708],[13.39212713,52.64435524],[13.39208685,52.64437854],[13.39207048,52.64442232],[13.39201692,52.644479],[13.39196119,52.6444602],[13.39195548,52.64443825],[13.39202008,52.64435502],[13.39201609,52.64432349],[13.39198348,52.64427919],[13.39196177,52.64426142],[13.39190085,52.64424081],[13.39184339,52.64422604],[13.3918301,52.64419892],[13.39187561,52.64413578],[13.39189951,52.64411047],[13.39194909,52.6441261],[13.39203673,52.64414847],[13.39209395,52.64415456],[13.39216066,52.64414268],[13.39218653,52.64411646],[13.39218472,52.64407879],[13.39217188,52.64404203],[13.39214577,52.64401235],[13.3920784,52.64400452],[13.39206248,52.64400191],[13.39200666,52.64398115],[13.39183624,52.64391991],[13.39181407,52.64391194],[13.39174469,52.64384149],[13.39177302,52.64382892],[13.3919934,52.64384041],[13.39204863,52.64383631],[13.39213219,52.64382518],[13.39220515,52.64382676],[13.39226034,52.64380876],[13.39229528,52.64374083],[13.39228552,52.64370484],[13.39220308,52.64368707],[13.39210302,52.64368225],[13.39203229,52.64369121],[13.39197621,52.64369873],[13.39186233,52.64372333],[13.39175017,52.64371567],[13.3917395,52.64371493],[13.39153197,52.64365876],[13.39150215,52.64363319],[13.39161476,52.64360494],[13.39169177,52.64358083],[13.39180543,52.64357534],[13.39194267,52.64357444],[13.39200237,52.64357626],[13.39206472,52.64357716],[13.39212513,52.64359868],[13.39217839,52.64363973],[13.39224029,52.64365349],[13.39228686,52.64365182],[13.39231239,52.64357252],[13.39224281,52.6435219],[13.39222571,52.64347743],[13.39225129,52.64340393],[13.39226786,52.64333279],[13.39224774,52.6432757],[13.39221772,52.64324467],[13.39220672,52.64323638],[13.39210524,52.64323209],[13.39197185,52.64329334],[13.39194405,52.64332004],[13.39196134,52.64336581],[13.39199621,52.64339465],[13.39200525,52.64340349],[13.39201045,52.64345867],[13.39199815,52.64346398],[13.39197356,52.64347457],[13.39196502,52.64340999],[13.39189471,52.64338637],[13.39182956,52.64339026],[13.39156867,52.643452],[13.39150152,52.64349682],[13.3913292,52.64355082],[13.39130007,52.64354704],[13.39131957,52.64344362],[13.3913415,52.64333846],[13.391304,52.64317621],[13.39125518,52.64315858],[13.39120255,52.64316519],[13.39111786,52.64321014],[13.39110816,52.64318497],[13.39115323,52.64306971],[13.39106549,52.64295771],[13.39101118,52.64291672],[13.39094259,52.64289242],[13.3908649,52.64279341],[13.39076164,52.64272992],[13.39070253,52.64265197],[13.39066862,52.64262218],[13.39067175,52.64261778],[13.39079047,52.64260575],[13.39085732,52.64259966],[13.39087936,52.64257944],[13.39091376,52.64253865],[13.39089876,52.64247218],[13.39080697,52.64241038],[13.39077448,52.64240235],[13.39060214,52.64241994],[13.39041297,52.6424761],[13.39031262,52.6424791],[13.39014488,52.6424356],[13.39019001,52.6423981],[13.39031312,52.64235645],[13.39043135,52.64231646],[13.39056733,52.64224428],[13.39059069,52.64219415],[13.39058414,52.64217396],[13.39055158,52.64215387],[13.39047315,52.64213126],[13.3904159,52.6421069],[13.39036762,52.64209628],[13.39033261,52.64209404],[13.3902951,52.64210854],[13.39026229,52.64214262],[13.39023029,52.64216404],[13.39020484,52.64215426],[13.3902312,52.642042],[13.39023969,52.64200079],[13.3902839,52.64198053],[13.39031595,52.64195169],[13.39029834,52.64191327],[13.39026195,52.64188912],[13.39037711,52.64189171],[13.39042876,52.64188384],[13.39046375,52.64185052],[13.39046417,52.64182527],[13.39045578,52.64181152],[13.39040165,52.64178814],[13.3902616,52.64178109],[13.39020922,52.64176917],[13.39016806,52.64174916],[13.39013758,52.64169253],[13.39008048,52.64163721],[13.39004532,52.6415702],[13.39006831,52.64152666],[13.39009989,52.64150052],[13.39018014,52.64152786],[13.39026743,52.64155207],[13.39033011,52.64155533],[13.39036054,52.6415448],[13.39038501,52.64152922],[13.3903966,52.64150475],[13.39038145,52.6414657],[13.39029296,52.64140006],[13.39022682,52.64137917],[13.39018073,52.64134615],[13.39010161,52.64136232],[13.3898133,52.64142124],[13.38988178,52.64152038],[13.38965879,52.6415194],[13.38965408,52.64145607],[13.3896782,52.64137701],[13.38968696,52.64122523],[13.38998001,52.64119631],[13.39005153,52.64118544],[13.39000245,52.64109162],[13.38991304,52.64101607],[13.38991287,52.64099484],[13.3899817,52.64098168],[13.39006694,52.64096551],[13.39009797,52.64095321],[13.39012923,52.64092698],[13.39014102,52.64090731],[13.39011939,52.6408722],[13.3901152,52.64083944],[13.39016996,52.64084452],[13.3902324,52.64086825],[13.39028331,52.64087483],[13.39035223,52.64087677],[13.39040201,52.64085254],[13.39040931,52.64082634],[13.39038066,52.64078314],[13.39031108,52.64072909],[13.3902448,52.64069745],[13.39020988,52.64062605],[13.39016815,52.64053141],[13.39013292,52.6405074],[13.39006086,52.64051452],[13.38995971,52.64054809],[13.38991056,52.64053824],[13.38992813,52.64050814],[13.39000055,52.64048237],[13.39010811,52.64043643],[13.39019055,52.64039267],[13.39031216,52.64029831],[13.39044343,52.64015206],[13.39046214,52.64011809],[13.39045513,52.64010354],[13.39042623,52.64008216],[13.39037371,52.6400463],[13.39038853,52.63998547],[13.39052284,52.63995673],[13.39060962,52.63991514],[13.39048462,52.63986703],[13.39036819,52.63981242],[13.39024413,52.63973767],[13.39015282,52.6396741],[13.39007376,52.63960413],[13.38997768,52.63953495],[13.38989243,52.63947703],[13.38988256,52.63943617],[13.38987147,52.63939848],[13.389821,52.63938322],[13.38967363,52.63939213],[13.38963332,52.63938435],[13.38961341,52.63937308],[13.38962365,52.63934782],[13.38964871,52.6393173],[13.38971251,52.63926666],[13.3897501,52.63922515],[13.38984329,52.63919551],[13.38988643,52.6391714],[13.38992263,52.6391472],[13.38993628,52.63912232],[13.38989207,52.63907224],[13.38977313,52.63905375],[13.38960567,52.6390176],[13.38958857,52.63898874],[13.38960672,52.63894682],[13.38972722,52.63891376],[13.3897619,52.6389014],[13.38966776,52.63887668],[13.38954605,52.63889417],[13.38948923,52.63888002],[13.38943814,52.63883731],[13.38946935,52.63881282],[13.38961102,52.6388265],[13.38973519,52.63883632],[13.38981951,52.63884865],[13.38981804,52.63878061],[13.38968195,52.63863858],[13.38956464,52.63857809],[13.38952374,52.63851785],[13.38952485,52.63847141],[13.38944624,52.63835406],[13.38935371,52.63824973],[13.38931894,52.63822732],[13.38926495,52.63819251],[13.38919444,52.63817599],[13.38907426,52.63814784],[13.38906108,52.63813067],[13.389075,52.63811147],[13.38909713,52.63810003],[13.38914404,52.63807579],[13.3892613,52.63801519],[13.38932883,52.637955],[13.38932953,52.63789223],[13.38931545,52.6378743],[13.38927587,52.63785306],[13.38922408,52.63784916],[13.38913767,52.63785109],[13.38902066,52.63787575],[13.38894427,52.63785797],[13.3889422,52.63783786],[13.38913304,52.63772599],[13.38917926,52.6377067],[13.38921474,52.63767624],[13.38921877,52.63764938],[13.38920509,52.63762423],[13.38915036,52.63760937],[13.38907718,52.63760291],[13.3889736,52.63759377],[13.38865462,52.637604],[13.38862129,52.6375937],[13.38848923,52.63751749],[13.38835365,52.63744127],[13.38830501,52.63741787],[13.38831778,52.63738338],[13.38833305,52.63736148],[13.38834651,52.63731342],[13.38834927,52.6372874],[13.38833667,52.6372557],[13.38831651,52.63722303],[13.38827205,52.63719774],[13.38822836,52.63717453],[13.38817272,52.63716107],[13.38807614,52.63715707],[13.38794644,52.63717339],[13.38791595,52.63717942],[13.38783761,52.63719491],[13.38778725,52.63720488],[13.38767663,52.63723703],[13.38761749,52.63723798],[13.38757532,52.63722254],[13.38753033,52.63719947],[13.3874908,52.63717349],[13.38742757,52.6371477],[13.38733868,52.63711423],[13.38728605,52.63709931],[13.38717182,52.63705983],[13.38712176,52.63702502],[13.38710237,52.63700511],[13.38706011,52.63698855],[13.38705565,52.63698681],[13.38704974,52.63698572],[13.38700841,52.63697813],[13.38695133,52.63697404],[13.38688219,52.63698278],[13.386815,52.63700476],[13.38674595,52.63702247],[13.38669542,52.63702189],[13.38665484,52.63700192],[13.38663,52.63697392],[13.38661894,52.63694913],[13.38661045,52.636922],[13.38656714,52.63688883],[13.38653488,52.63687099],[13.38650897,52.63686876],[13.38646513,52.63687993],[13.38642528,52.63691326],[13.38639136,52.63692741],[13.38635831,52.63692637],[13.38635016,52.63689937],[13.38635344,52.63687526],[13.38640762,52.6368242],[13.38641228,52.63679603],[13.38641553,52.63677628],[13.38637444,52.63674267],[13.3863278,52.63673146],[13.38628945,52.63673658],[13.38626056,52.63674532],[13.38625058,52.63674834],[13.38619576,52.63677694],[13.38612067,52.63678193],[13.38605183,52.63673775],[13.38599011,52.63669644],[13.3858819,52.63664223],[13.38578768,52.6365964],[13.38576282,52.63658707],[13.38575182,52.63658294],[13.385746,52.63658192],[13.38572751,52.63657869],[13.38568916,52.63658309],[13.38558139,52.63661592],[13.38553016,52.63662804],[13.38547608,52.63661824],[13.38544145,52.63661186],[13.38540528,52.6365992],[13.38533483,52.63657068],[13.38521675,52.63654007],[13.38515021,52.63651868],[13.38509369,52.6364864],[13.38509836,52.63647583],[13.38510787,52.63646623],[13.38512093,52.63645302],[13.38515864,52.63643547],[13.38517479,52.63642795],[13.3852048,52.63640594],[13.38520907,52.63639408],[13.38521314,52.63635278],[13.3852,52.63632806],[13.38518545,52.63631396],[13.38516123,52.6362953],[13.38511077,52.63627157],[13.38507954,52.63626302],[13.38504512,52.63625903],[13.38499827,52.63626145],[13.38496648,52.63626847],[13.38493752,52.63627908],[13.3849096,52.63629312],[13.3848675,52.63632635],[13.38484273,52.63635288],[13.38482015,52.63640266],[13.38481132,52.63642212],[13.38478858,52.63643681],[13.38478154,52.63644137],[13.38476067,52.63644793],[13.38469615,52.63643865],[13.38467391,52.63642934],[13.38466582,52.63642595],[13.38464727,52.63639075],[13.38463901,52.63637508],[13.3846003,52.63629356],[13.38457041,52.63626008],[13.38453024,52.6362429],[13.38448447,52.6362458],[13.38445177,52.63625453],[13.38442025,52.63627542],[13.38438629,52.63633073],[13.38436219,52.63636343],[13.38434059,52.63637932],[13.38430707,52.6363901],[13.38427112,52.63638188],[13.38425734,52.63635735],[13.38425443,52.63632004],[13.38424403,52.63627137],[13.38420913,52.63622987],[13.38414295,52.63620139],[13.38408704,52.63619147],[13.38402624,52.6361836],[13.38396302,52.63620661],[13.38392631,52.6362332],[13.38389901,52.63625772],[13.38386961,52.63627906],[13.3838333,52.63632529],[13.38382818,52.63635754],[13.38384832,52.63638763],[13.38390102,52.63641057],[13.38393472,52.63644114],[13.3839346,52.63645408],[13.38393452,52.63646225],[13.38389059,52.63648057],[13.38382518,52.63647243],[13.38380971,52.63646815],[13.38375529,52.63645309],[13.38366352,52.63643853],[13.38356308,52.63642366],[13.38349847,52.63643399],[13.38345737,52.63645409],[13.38343368,52.63649788],[13.38342641,52.63651131],[13.38340554,52.63655075],[13.38339725,52.63656642],[13.38336786,52.63660995],[13.38332637,52.63663619],[13.38328373,52.63663264],[13.38323918,52.63661244],[13.38321983,52.63659213],[13.38320334,52.63657112],[13.38319352,52.63655861],[13.38317714,52.63654027],[13.38316428,52.63652587],[13.38312095,52.63648377],[13.38307527,52.63642455],[13.38302219,52.63636818],[13.38295802,52.6363495],[13.38290942,52.63634297],[13.3828501,52.63635677],[13.38281505,52.63637067],[13.38278205,52.63639284],[13.38273976,52.63641665],[13.38268643,52.63643381],[13.38258759,52.63645343],[13.38249394,52.63645871],[13.38240443,52.63645077],[13.38234367,52.63641738],[13.38226623,52.63642572],[13.38222523,52.63644067],[13.38220665,52.63645737],[13.38219003,52.6364723],[13.38217455,52.63644916],[13.38216915,52.63644108],[13.38216044,52.63640145],[13.38213112,52.63633768],[13.38202841,52.63630942],[13.38191921,52.63636441],[13.38189895,52.6363746],[13.38186019,52.63638466],[13.38181397,52.63639665],[13.38182207,52.63636832],[13.38183006,52.6363403],[13.38183871,52.63632947],[13.38192815,52.63621745],[13.38200918,52.63615648],[13.38205015,52.63608392],[13.38206531,52.63602035],[13.38193475,52.63595203],[13.38269258,52.6357466],[13.3828591,52.63521734],[13.38205222,52.63499529],[13.38158487,52.63486667],[13.38128369,52.63476156],[13.38094301,52.63464266],[13.38070773,52.63456183],[13.38057358,52.63451573],[13.38051488,52.63450023],[13.38032388,52.63444971],[13.38017213,52.63440957],[13.38013233,52.6343991],[13.38012642,52.63439754],[13.380119,52.6343953],[13.38008258,52.63438429],[13.37999545,52.63440234],[13.37996696,52.63440824],[13.38010478,52.63427825],[13.38010085,52.63427597],[13.3800749,52.63426085],[13.38004305,52.63424529],[13.38000359,52.63422229],[13.37940117,52.6338721],[13.3792075,52.63400793],[13.37870913,52.63435259],[13.37865044,52.63425559],[13.37844966,52.63411712],[13.3782497,52.63398946],[13.37821676,52.63395452],[13.37804085,52.6337679],[13.37768453,52.63338985],[13.37770074,52.63328229],[13.37772612,52.63321113],[13.37773583,52.63318381],[13.37761758,52.63307068],[13.37737759,52.63314032],[13.37727405,52.63318777],[13.3771399,52.63314032],[13.37707834,52.63307589],[13.37700143,52.63303295],[13.376941,52.63300767],[13.37691508,52.63299683],[13.37679342,52.63291604],[13.37677761,52.63287349],[13.37677081,52.63285518],[13.37679191,52.63278315],[13.37686794,52.63279645],[13.37699694,52.63283844],[13.37706197,52.63282458],[13.37717109,52.63270362],[13.37718953,52.63268729],[13.37719258,52.63267359],[13.37712228,52.63255231],[13.37704032,52.63251001],[13.37702923,52.63250598],[13.37679425,52.63244894],[13.37673192,52.63244143],[13.37665813,52.63245265],[13.37659801,52.63245625],[13.37656358,52.63241407],[13.37661182,52.63238961],[13.37682999,52.63231299],[13.37688663,52.63228898],[13.37691698,52.6322573],[13.3769076,52.63221156],[13.37686921,52.63217486],[13.37681556,52.63216191],[13.37675608,52.63215446],[13.37663875,52.63213072],[13.37647293,52.63214065],[13.3764518,52.63211832],[13.37647966,52.63207538],[13.37651827,52.63201588],[13.37653727,52.63194108],[13.37641628,52.63183465],[13.37635802,52.63178341],[13.37633397,52.631776],[13.37623443,52.63174533],[13.37616806,52.63173006],[13.37606828,52.63168601],[13.37595634,52.63163659],[13.37583553,52.6316101],[13.37582203,52.63160715],[13.37583901,52.63157276],[13.37591002,52.63151233],[13.37597331,52.63148389],[13.37605067,52.63146202],[13.37624058,52.63145894],[13.37625457,52.63145006],[13.37634363,52.63136873],[13.37634835,52.63134497],[13.37631612,52.63130356],[13.37623733,52.63127317],[13.3762148,52.63123592],[13.37615765,52.6311428],[13.37616518,52.63112094],[13.37620877,52.63099421],[13.3762767,52.63082062],[13.37628166,52.63080625],[13.37645169,52.6306216],[13.37647262,52.63059782],[13.37648057,52.63052918],[13.37654864,52.63041961],[13.37667,52.63027619],[13.37680206,52.63002596],[13.3769461,52.62995659],[13.37700068,52.629899],[13.37702237,52.6298193],[13.37698675,52.62976372],[13.37691129,52.62971125],[13.37688668,52.62959314],[13.37685686,52.62956578],[13.3768248,52.62953542],[13.37699489,52.62941354],[13.37702321,52.62933787],[13.37685006,52.62915628],[13.37658838,52.62920628],[13.3764435,52.62925356],[13.37638679,52.62924425],[13.37636564,52.62921501],[13.37636473,52.62918433],[13.37637776,52.62917255],[13.37660471,52.62907533],[13.37667895,52.62889482],[13.37612857,52.62893519],[13.37604948,52.6290384],[13.37596201,52.6290809],[13.37589734,52.62909188],[13.37588129,52.62909139],[13.3758657,52.62908578],[13.37582712,52.62903796],[13.37582798,52.6290351],[13.37600167,52.62892042],[13.37607457,52.62887844],[13.37626694,52.62875089],[13.376366,52.62862278],[13.37637798,52.6283783],[13.37619692,52.62833419],[13.37595538,52.62840964],[13.37586117,52.62840933],[13.37572653,52.62844876],[13.3756933,52.62851852],[13.37546503,52.62867768],[13.37545222,52.62867858],[13.37539754,52.62864196],[13.37523392,52.62860626],[13.37520409,52.62851118],[13.37509707,52.62835345],[13.37504532,52.62823055],[13.37477998,52.62797022],[13.37463257,52.62799976],[13.37462218,52.62790737],[13.37457248,52.62776688],[13.37418599,52.62791846],[13.37420616,52.62777345],[13.3741423,52.62767646],[13.3740626,52.62767778],[13.37396721,52.62767936],[13.37382839,52.62776233],[13.37372338,52.62778588],[13.37363727,52.62780915],[13.37354665,52.62779955],[13.37340178,52.62771268],[13.37329745,52.62760318],[13.37319737,52.62757052],[13.37315033,52.62754685],[13.37297681,52.6274453],[13.37278783,52.62755284],[13.37273848,52.62756763],[13.37270363,52.62757812],[13.37269044,52.62757452],[13.37262952,52.62751704],[13.37252343,52.62744141],[13.37232208,52.62727069],[13.37211538,52.62730121],[13.37187303,52.62732305],[13.37160483,52.62740055],[13.3715865,52.62739086],[13.37159612,52.62726469],[13.37160024,52.62721069],[13.3714835,52.62716036],[13.37119172,52.62720373],[13.37109938,52.62723132],[13.37096978,52.62735271],[13.37089987,52.62737162],[13.37083356,52.62738033],[13.37080296,52.62737532],[13.37076272,52.62735957],[13.37072936,52.62734023],[13.3706927,52.62731015],[13.37061508,52.62723347],[13.37046108,52.62706115],[13.37043942,52.62703676],[13.37040507,52.62702199],[13.37029179,52.62699721],[13.37017491,52.62706897],[13.37023189,52.62682279],[13.37012153,52.62677075],[13.36989102,52.62670428],[13.36987227,52.62668856],[13.36983121,52.62651527],[13.36972113,52.62645199],[13.36966476,52.62631815],[13.36954863,52.62625137],[13.36957047,52.62611096],[13.36951029,52.62601357],[13.36913454,52.62603294],[13.36912421,52.62602533],[13.36911226,52.62599118],[13.36916205,52.6258294],[13.36888207,52.62567918],[13.36852986,52.62557902],[13.36827107,52.62566977],[13.36823578,52.62567567],[13.36816456,52.6256576],[13.36796702,52.6255772],[13.3676841,52.62571518],[13.36765728,52.62600585],[13.36754757,52.62596792],[13.36729711,52.62588481],[13.36727688,52.62586628],[13.3672781,52.62580681],[13.36721911,52.62575118],[13.36715469,52.62576118],[13.36697909,52.62585905],[13.36693866,52.62585069],[13.36691585,52.62579299],[13.3669525,52.62557841],[13.36697148,52.62546584],[13.36691148,52.62544194],[13.36692815,52.62534645],[13.36692383,52.62532551],[13.36690449,52.62529922],[13.36689263,52.62528356],[13.3668571,52.62527153],[13.36671762,52.62528731],[13.36664936,52.62531573],[13.36651955,52.62531833],[13.36644657,52.6253232],[13.36637747,52.62534362],[13.36631829,52.62541404],[13.36626368,52.62545831],[13.36621438,52.62548121],[13.36618926,52.62548241],[13.36613584,52.62545174],[13.36609121,52.62540635],[13.36607197,52.62538978],[13.36602726,52.62538222],[13.36599648,52.62539509],[13.36598295,52.62543496],[13.36595448,52.62547902],[13.36590813,52.62547622],[13.36586863,52.62543758],[13.36588211,52.62538199],[13.36588041,52.62531899],[13.36587535,52.62530091],[13.36585916,52.62528992],[13.36583247,52.62528383],[13.36573406,52.62529405],[13.36568813,52.62532297],[13.36558041,52.62540603],[13.36549214,52.62544969],[13.36540428,52.6254726],[13.36537665,52.62547451],[13.36532412,52.62546837],[13.36526853,52.62545522],[13.36522305,52.62542933],[13.36518604,52.62539366],[13.36516653,52.62537533],[13.36512541,52.62530861],[13.3650945,52.62526702],[13.36507405,52.62525529],[13.36503893,52.6252509],[13.36491367,52.62525521],[13.36473362,52.62526084],[13.364659,52.62524521],[13.36461674,52.62522606],[13.36459855,52.6252059],[13.36460209,52.62518029],[13.36475008,52.62498085],[13.36482224,52.62488962],[13.36482208,52.62487494],[13.36481859,52.62485627],[13.36480935,52.62484618],[13.36479624,52.62484041],[13.36477283,52.62482778],[13.36474317,52.62482573],[13.36457941,52.62484865],[13.36442576,52.62486142],[13.36421874,52.62485854],[13.36419714,52.62484079],[13.36418588,52.62482064],[13.36417664,52.62476247],[13.36415469,52.62470303],[13.36410172,52.62467147],[13.36407079,52.62465728],[13.36403655,52.62465595],[13.36398145,52.62468206],[13.3639688,52.62469884],[13.36395934,52.62472388],[13.36395748,52.62473925],[13.36397509,52.62475672],[13.36401741,52.62481765],[13.36404557,52.62487523],[13.36404796,52.62489473],[13.36403348,52.6249187],[13.36398459,52.62494653],[13.36394219,52.62495094],[13.36384285,52.62491774],[13.36373915,52.62492326],[13.36371227,52.62494791],[13.363778,52.62502012],[13.36378152,52.62504943],[13.36377657,52.6250731],[13.36374259,52.62508852],[13.36368589,52.62508714],[13.36365764,52.62507144],[13.36362706,52.62504702],[13.36359881,52.62500706],[13.36352148,52.62494973],[13.36339646,52.62491467],[13.3633643,52.62491074],[13.36316987,52.62487616],[13.36309432,52.62486548],[13.36292209,52.62484937],[13.36285506,52.62484616],[13.36276079,52.62483041],[13.36266947,52.62481699],[13.36258262,52.62479524],[13.36252175,52.62477587],[13.36247325,52.62473748],[13.36247335,52.62469632],[13.36250843,52.62463161],[13.36250898,52.62461409],[13.36250244,52.6245987],[13.36246816,52.62457688],[13.36243835,52.62457448],[13.36241674,52.62458054],[13.36234957,52.62457805],[13.36229133,52.62458808],[13.36225187,52.62459258],[13.36220065,52.62459084],[13.36218293,52.62458847],[13.36213158,52.62455825],[13.36214258,52.62452215],[13.36213563,52.6244985],[13.36211808,52.62446943],[13.36210323,52.6244339],[13.36207606,52.6244103],[13.36202265,52.62437737],[13.3619566,52.62433526],[13.361922,52.62429475],[13.36189716,52.6242769],[13.36187047,52.62426902],[13.36184551,52.62426869],[13.36180456,52.6242766],[13.36164558,52.62431632],[13.36138396,52.62433281],[13.36129775,52.62432696],[13.36103625,52.62427434],[13.36097845,52.62425948],[13.3609418,52.62424061],[13.36092973,52.62420859],[13.36091765,52.62418214],[13.36092002,52.62415375],[13.36091773,52.62411789],[13.36091666,52.62405148],[13.36086162,52.62402081],[13.36083487,52.62402308],[13.3607883,52.62403268],[13.36074414,52.62403446],[13.36055777,52.62405921],[13.36050022,52.62405378],[13.3604712,52.62404203],[13.36045374,52.62402376],[13.36044943,52.62400334],[13.36044374,52.62399191],[13.36051199,52.6239147],[13.36058417,52.62386993],[13.36057135,52.62384213],[13.36055206,52.62383248],[13.36054882,52.62383058],[13.3605444,52.6238294],[13.36049164,52.62383737],[13.36042877,52.62383256],[13.36038427,52.62383965],[13.36035472,52.62384281],[13.36032708,52.62384751],[13.36028187,52.62384975],[13.36022918,52.62384684],[13.36015194,52.62384802],[13.36012802,52.62384796],[13.36007507,52.62386016],[13.36006076,52.62388241],[13.3600513,52.62390755],[13.36001592,52.62397091],[13.35999056,52.62401345],[13.35996893,52.62402527],[13.35992309,52.62403631],[13.35985525,52.62404649],[13.35981856,52.62405521],[13.3597549,52.62405921],[13.35969113,52.62405322],[13.35968141,52.62405086],[13.35966816,52.62404427],[13.35965699,52.62403418],[13.35964442,52.62401375],[13.35962956,52.62390975],[13.35961279,52.62387367],[13.35955735,52.62381181],[13.35946913,52.62375665],[13.35943254,52.62371897],[13.35929048,52.62362186],[13.35925299,52.62359734],[13.35920268,52.62356497],[13.35919171,52.62354778],[13.35920296,52.62349505],[13.35921169,52.62344349],[13.35920871,52.62342182],[13.35921345,52.62339559],[13.35920501,52.62332692],[13.35919846,52.62331253],[13.35917515,52.62328506],[13.3591514,52.62327926],[13.35912514,52.62327641],[13.35909792,52.6232848],[13.35908014,52.62329438],[13.3590481,52.62331686],[13.35897553,52.62337555],[13.35892577,52.62339989],[13.35886954,52.62341917],[13.35880688,52.62342829],[13.3587127,52.62342169],[13.35848761,52.62338173],[13.35843823,52.6233667],[13.35841207,52.62334823],[13.35839906,52.62332537],[13.35843751,52.62316972],[13.35843801,52.62316056],[13.35841264,52.62313156],[13.35839156,52.6231255],[13.35837562,52.62312536],[13.35833691,52.62312753],[13.3583132,52.62314176],[13.35828234,52.6231673],[13.35822274,52.62322998],[13.35818666,52.62328364],[13.35814841,52.62330898],[13.35812059,52.62331961],[13.35809724,52.62332423],[13.3580357,52.62331763],[13.35800812,52.62331199],[13.35798751,52.62330098],[13.35779268,52.62319108],[13.35774974,52.623135],[13.35774624,52.62310426],[13.35775162,52.6230694],[13.35774582,52.62303021],[13.35770396,52.62299201],[13.35769661,52.62298769],[13.35763907,52.62297838],[13.357615,52.62297995],[13.35755966,52.62299636],[13.35736428,52.62312092],[13.35730877,52.62314442],[13.35727115,52.62316132],[13.35718434,52.62318269],[13.35716437,52.62318803],[13.35711957,52.62319719],[13.3570698,52.62319744],[13.35701418,52.62319066],[13.35683927,52.6231296],[13.35679354,52.62312132],[13.35672996,52.62311174],[13.35667636,52.62311261],[13.35658132,52.62312713],[13.35647021,52.62316048],[13.35644934,52.62316943],[13.35640819,52.62320797],[13.35636452,52.6232759],[13.35634907,52.62328907],[13.35629852,52.62329714],[13.35625562,52.62328401],[13.35615981,52.62323193],[13.35605416,52.62319611],[13.35598627,52.62318948],[13.35593607,52.62319117],[13.35587575,52.62320073],[13.35582824,52.62322013],[13.35569889,52.62333711],[13.35565052,52.62337626],[13.35561895,52.62339255],[13.35554859,52.62340542],[13.35548078,52.62340877],[13.35543792,52.6234155],[13.35538124,52.62343577],[13.35532072,52.62345773],[13.35525817,52.62349326],[13.35523751,52.6235164],[13.35514875,52.62356589],[13.35504619,52.6236016],[13.35494137,52.62362131],[13.35469239,52.62362335],[13.354631,52.62361782],[13.35456597,52.62360203],[13.35449613,52.62357851],[13.35446686,52.6235593],[13.35443845,52.62352023],[13.35445577,52.62346662],[13.35444885,52.62343947],[13.35444572,52.62342023],[13.35438309,52.6233765],[13.35434695,52.62337022],[13.35423615,52.62337841],[13.35411004,52.62340185],[13.35396439,52.62345758],[13.35386322,52.62348503],[13.35379897,52.62348731],[13.35373497,52.62347261],[13.3537136,52.62346771],[13.35357965,52.62344429],[13.35351395,52.62341826],[13.3534173,52.62335535],[13.35340502,52.62333875],[13.35331298,52.62329927],[13.35322673,52.62332495],[13.35318601,52.62336538],[13.35313744,52.62338972],[13.35305437,52.62340058],[13.35296595,52.62337135],[13.35285708,52.62328465],[13.3528191,52.62321644],[13.35275849,52.62318],[13.35262741,52.62315121],[13.35248679,52.62308573],[13.35246319,52.62305854],[13.35246896,52.62300984],[13.35254469,52.62292015],[13.35256946,52.62287545],[13.35258851,52.62285303],[13.35255518,52.62284315],[13.35254769,52.62283756],[13.35242298,52.62280431],[13.35234733,52.62280944],[13.35231154,52.62281799],[13.35228866,52.62284112],[13.35226741,52.62293912],[13.35220289,52.62303325],[13.3521594,52.62304645],[13.35208169,52.62305221],[13.35199061,52.62302144],[13.35170487,52.62299771],[13.3516595,52.62297766],[13.35164365,52.62293933],[13.35165691,52.62286813],[13.35163086,52.6228072],[13.35160398,52.62278432],[13.3514843,52.62272907],[13.3513636,52.62276196],[13.3513568,52.622788],[13.3510717,52.62386183],[13.34924153,52.62376285],[13.34829434,52.62369907],[13.34708663,52.62361903],[13.34669199,52.6236083],[13.34579249,52.62363942],[13.34399621,52.62373849],[13.34397618,52.62373958],[13.34393357,52.6236763],[13.34392492,52.62366346],[13.34389408,52.62363796],[13.34381419,52.62359449],[13.34371319,52.62353952],[13.34366187,52.6235116],[13.34362902,52.62347863],[13.34360134,52.62344181],[13.34357079,52.62341568],[13.3435465,52.62342622],[13.34348999,52.62344334],[13.34346075,52.62345045],[13.34341366,52.62346185],[13.3433432,52.62346617],[13.34324128,52.62344922],[13.34321669,52.62343639],[13.34320086,52.62342117],[13.34318957,52.62340734],[13.34317718,52.62338103],[13.34314956,52.62335985],[13.34311637,52.62335411],[13.34309758,52.62335855],[13.3430686,52.6233672],[13.34303984,52.62339171],[13.34302329,52.62340771],[13.34301513,52.62341452],[13.34295553,52.62345122],[13.34291086,52.6234628],[13.34285851,52.62347355],[13.34282843,52.62346557],[13.34279811,52.62345202],[13.34273041,52.6233947],[13.34268476,52.62337455],[13.34256514,52.62335225],[13.34248974,52.6233438],[13.34242381,52.62333106],[13.34237961,52.62331819],[13.34234752,52.62330257],[13.34231862,52.6232715],[13.34231072,52.62325355],[13.34230116,52.62323192],[13.34226585,52.62321134],[13.34224608,52.6232086],[13.34220166,52.62320454],[13.34214954,52.62322637],[13.34213785,52.62323125],[13.34204236,52.62329025],[13.34200597,52.62329923],[13.34196221,52.62328609],[13.34189991,52.62326007],[13.34188446,52.62325587],[13.34184905,52.6232462],[13.341786,52.62324775],[13.34175023,52.62325953],[13.34153028,52.62333188],[13.34145612,52.62331363],[13.34143195,52.62330603],[13.34142299,52.62329833],[13.34139201,52.6232717],[13.34133949,52.62326384],[13.34132891,52.62326583],[13.34122595,52.62328496],[13.34117452,52.62329049],[13.34107415,52.62328432],[13.34098008,52.62326172],[13.34088252,52.62323309],[13.34074987,52.62319296],[13.34066282,52.62315949],[13.34057434,52.62314104],[13.34051826,52.62313677],[13.34046346,52.62313987],[13.34040037,52.62316686],[13.34033638,52.62322135],[13.34028375,52.62325267],[13.34019998,52.62328068],[13.34010041,52.62328916],[13.34003454,52.62328035],[13.33992454,52.62326564],[13.33985273,52.6232713],[13.33982303,52.6232789],[13.33972567,52.62330379],[13.33964058,52.62330943],[13.33956594,52.62329721],[13.33952012,52.62328173],[13.33938631,52.62319523],[13.33928429,52.62316964],[13.33901464,52.62321571],[13.33894569,52.62323882],[13.33882464,52.62332111],[13.33877756,52.62334086],[13.33872747,52.62334505],[13.3386788,52.62333531],[13.33859778,52.62330529],[13.3385286,52.62324841],[13.33851469,52.62320901],[13.33850235,52.62310789],[13.33847313,52.62299432],[13.33842221,52.62295406],[13.33840533,52.62294073],[13.33839057,52.62292905],[13.33834646,52.62292293],[13.33827199,52.62292931],[13.33803113,52.62295559],[13.33790844,52.62297362],[13.33783416,52.62297578],[13.33774462,52.62296011],[13.33758697,52.62290706],[13.33742915,52.62285752],[13.33733535,52.62283923],[13.33724831,52.62282805],[13.33713527,52.62281573],[13.33705946,52.62280333],[13.33694097,52.62276763],[13.33677213,52.62271043],[13.33672852,52.62269342],[13.3366866,52.62266869],[13.33668363,52.62264838],[13.33662617,52.62267163],[13.3366019,52.62268152],[13.33459112,52.62349501],[13.33286377,52.62419379],[13.33255165,52.62402902],[13.33213794,52.62418723],[13.33208789,52.62420606],[13.33190814,52.62427595],[13.3318029,52.62431399],[13.33176928,52.6243282],[13.33160663,52.62439536],[13.33138265,52.62448784],[13.33115743,52.62458082],[13.33093247,52.62467371],[13.33076167,52.62474369],[13.33067463,52.62477938],[13.33060234,52.62480901],[13.33040638,52.62488931],[13.33032195,52.62492138],[13.33017671,52.62497412],[13.33008077,52.62500886],[13.32998547,52.62504361],[13.32988743,52.62507913],[13.329797,52.62511185],[13.32959769,52.62518406],[13.3294624,52.62523308],[13.32931702,52.62528571],[13.32930879,52.62528782],[13.32909504,52.62534127],[13.32900057,52.6253649],[13.32885398,52.62540158],[13.32869094,52.62544039],[13.32864238,52.62544603],[13.32855287,52.62545846],[13.32853342,52.62546095],[13.32847072,52.62546599],[13.32837491,52.6254848],[13.32824013,52.62551308],[13.32807118,52.6255462],[13.32796534,52.62556681],[13.3279009,52.62557926],[13.32778805,52.62560132],[13.32764751,52.62562867],[13.32756671,52.62564444],[13.32744398,52.62566943],[13.32725001,52.62569259],[13.32695324,52.62572802],[13.32673585,52.62575397],[13.32643937,52.62578936],[13.32638691,52.62579562],[13.32618403,52.62581985],[13.3261469,52.62582672],[13.32606128,52.62584256],[13.32602291,52.62584966],[13.32587336,52.62587733],[13.32586009,52.62587979],[13.32557144,52.6259332],[13.32556366,52.62593464],[13.32540166,52.62598315],[13.32529282,52.62601574],[13.32501124,52.62610006],[13.32481716,52.62615818],[13.32479117,52.62616595],[13.32472089,52.62618199],[13.32444822,52.62624414],[13.32441257,52.62625227],[13.32425246,52.62628877],[13.32406966,52.62633045],[13.32395224,52.6263569],[13.3238373,52.62638279],[13.3236453,52.62639859],[13.32354605,52.62640676],[13.32342503,52.62641671],[13.32309809,52.62644362],[13.32305838,52.62644687],[13.32294547,52.62645613],[13.32293684,52.62645684],[13.32275452,52.62647218],[13.32268293,52.6264782],[13.32238866,52.62650296],[13.32219861,52.62651896],[13.32213685,52.62652257],[13.32187182,52.62653805],[13.32160651,52.62655356],[13.32148371,52.62656074],[13.32133893,52.62656823],[13.32103859,52.62658382],[13.3207443,52.62659908],[13.32045001,52.62661434],[13.32015618,52.62662957],[13.31986159,52.62664485],[13.31959361,52.62665875],[13.31936356,52.62669891],[13.31927132,52.62671462],[13.31913664,52.62673793],[13.31907692,52.62674828],[13.31905254,52.62675251],[13.31888568,52.62678142],[13.31888112,52.62678275],[13.31836088,52.62693492],[13.31831401,52.62694855],[13.31829168,52.62695505],[13.31815976,52.62699373],[13.31804918,52.62702148],[13.31803728,52.62702446],[13.31777237,52.62709088],[13.31767743,52.62711504],[13.3176114,52.62713189],[13.31744999,52.6271729],[13.31734673,52.62719914],[13.31728531,52.62720741],[13.31700347,52.62724812],[13.31693591,52.62725783],[13.31672149,52.62728888],[13.31667308,52.62729587],[13.31664047,52.62730062],[13.31647617,52.62732435],[13.31644163,52.6273318],[13.31633694,52.6273544],[13.31616442,52.62739162],[13.31605779,52.62741464],[13.31595141,52.62743759],[13.31589674,52.62744866],[13.31571456,52.62748557],[13.31570348,52.62748781],[13.31538997,52.62755132],[13.31537091,52.62755517],[13.31527,52.62757561],[13.31514919,52.62760009],[13.31507659,52.62761479],[13.31500063,52.62763015],[13.31498717,52.6276329],[13.31492856,52.62765241],[13.31479815,52.62769583],[13.314724,52.62772051],[13.31449713,52.62779605],[13.31445435,52.62781029],[13.31417419,52.62790356],[13.31385718,52.62798851],[13.31369026,52.62803327],[13.313513,52.62808079],[13.3133781,52.6281169],[13.31334706,52.62812222],[13.31310007,52.62816471],[13.31301169,52.62817986],[13.31298655,52.6281842],[13.31268918,52.62819111],[13.31243496,52.62819707],[13.31233466,52.6281994],[13.31219266,52.62818943],[13.31200211,52.62817599],[13.31197201,52.62817385],[13.31195042,52.62817228],[13.3118519,52.62816507],[13.3113502,52.62812837],[13.3113328,52.62812777],[13.31123592,52.62812446],[13.31111272,52.62812026],[13.31103268,52.62811753],[13.31101512,52.62811693],[13.3110045,52.62811585],[13.31063037,52.62808086],[13.310564,52.62807466],[13.31047166,52.62806753],[13.31036765,52.62805951],[13.31023349,52.62804917],[13.310174,52.62804455],[13.30999469,52.62803211],[13.30975496,52.62801663],[13.30943109,52.62799577],[13.30927607,52.62798639],[13.30873586,52.62796229],[13.30869793,52.62796057],[13.30850674,52.62795188],[13.30839832,52.62793488],[13.3081893,52.62790197],[13.30812542,52.62789194],[13.30789809,52.62785607],[13.30789234,52.62785516],[13.30759406,52.62780825],[13.30755399,52.62780193],[13.30744952,52.62778547],[13.30740437,52.62777835],[13.30738268,52.62777498],[13.30721584,52.62774873],[13.30721069,52.62774828],[13.30696997,52.62772784],[13.30672355,52.62770604],[13.30667213,52.62770152],[13.3065229,52.62768829],[13.30640608,52.62767795],[13.30637946,52.62767557],[13.30633003,52.62767121],[13.30629669,52.62766827],[13.30618863,52.6276587],[13.30606815,52.62765076],[13.30600958,52.62764689],[13.30586498,52.62763739],[13.3058289,52.62763502],[13.30567938,52.62762514],[13.30559642,52.62761626],[13.3053562,52.62759048],[13.30530363,52.62758129],[13.30528659,52.62757835],[13.30513089,52.627551],[13.3050012,52.62752823],[13.30499094,52.62752645],[13.30494583,52.62752009],[13.30491072,52.62751515],[13.3047144,52.62748747],[13.30469446,52.62748459],[13.30459068,52.62746994],[13.30446049,52.62745156],[13.3044127,52.62744486],[13.30422522,52.62741834],[13.30413978,52.62740628],[13.30386521,52.62736751],[13.30383676,52.62736349],[13.30345968,52.62731025],[13.30335649,52.62729567],[13.30314279,52.62726553],[13.30282177,52.62722017],[13.30260919,52.62719013],[13.30257248,52.62738958],[13.30254223,52.62755391],[13.30263857,52.62759542],[13.30302516,52.62776196],[13.30304888,52.62777218],[13.30308997,52.62778245],[13.30328254,52.62783059],[13.30341883,52.62786466],[13.30352891,52.62789217],[13.30365291,52.62792317],[13.30377487,52.62795365],[13.30388439,52.62798103],[13.30395718,52.62799922],[13.30410548,52.62803003],[13.30411693,52.62803241],[13.30411901,52.62803285],[13.30435704,52.6280823],[13.30435984,52.62808288],[13.30438536,52.62808797],[13.30452536,52.62811591],[13.30459534,52.6281299],[13.30466547,52.6281439],[13.30482676,52.62817613],[13.30483363,52.62817841],[13.30493977,52.62821384],[13.30505604,52.62825265],[13.30514448,52.62828215],[13.30515507,52.6282857],[13.30520124,52.62830111],[13.30523719,52.62831311],[13.30526366,52.62832409],[13.30544158,52.62839799],[13.30546538,52.62840787],[13.30565537,52.62848705],[13.30571734,52.62851251],[13.3058643,52.62857354],[13.30597113,52.62860379],[13.30619231,52.62866646],[13.30621384,52.62867256],[13.30627675,52.62869038],[13.30628077,52.62869152],[13.30640808,52.62872758],[13.30645135,52.62873376],[13.30673489,52.6287743],[13.30698215,52.62880958],[13.30709281,52.62882536],[13.30721803,52.62884777],[13.30732809,52.6288675],[13.30744518,52.62888846],[13.30760111,52.62891636],[13.30767246,52.62892916],[13.30787643,52.62896564],[13.30789237,52.62896866],[13.30811109,52.62900959],[13.30814631,52.62901622],[13.30828632,52.62904247],[13.30833675,52.6290519],[13.30840248,52.62906424],[13.30856325,52.62909439],[13.30861389,52.62910387],[13.30880923,52.62914049],[13.30884439,52.62914708],[13.30887277,52.62915238],[13.30900943,52.62920564],[13.3091456,52.62925869],[13.3092578,52.62930239],[13.30946206,52.62938195],[13.30954726,52.62941514],[13.30970012,52.62947469],[13.30978314,52.6295302],[13.3098182,52.62955363],[13.3099971,52.62967323],[13.31006202,52.62975148],[13.31027377,52.63000727],[13.30968287,52.63009519],[13.30970273,52.63020668],[13.30970847,52.63023884],[13.3097742,52.63060796],[13.31005995,52.63061634],[13.31017391,52.63061968],[13.31018537,52.63061995],[13.31010376,52.63089551],[13.3100711,52.63100581],[13.31004137,52.6311062],[13.31003107,52.63114093],[13.31002735,52.63115349],[13.30994727,52.6313224],[13.30989196,52.63143315],[13.30982167,52.63157368],[13.3098201,52.63158797],[13.30977295,52.63199288],[13.30971636,52.6321605],[13.30941677,52.63266606],[13.30933638,52.6328018],[13.30898677,52.63319813],[13.30890433,52.63326741],[13.30878019,52.63337176],[13.30857668,52.63357769],[13.30848237,52.63371317],[13.30844774,52.63376285],[13.30830908,52.63396199],[13.30823634,52.63405318],[13.30815184,52.63415902],[13.3077986,52.63458901],[13.30761654,52.63478911],[13.3075285,52.63489654],[13.30739433,52.63506026],[13.3072848,52.63519386],[13.30693331,52.63558984],[13.30625116,52.63640469],[13.30619166,52.63648243],[13.30607171,52.63676509],[13.30602404,52.63686066],[13.3058343,52.63725366],[13.30579892,52.63732546],[13.30578467,52.63735471],[13.30601038,52.63738885],[13.30607431,52.63739854],[13.30706233,52.63754796],[13.30706278,52.63756157],[13.30706821,52.63777371],[13.30697724,52.6379912],[13.30692516,52.63811651],[13.30691816,52.63814507],[13.30689233,52.63827886],[13.30688342,52.63831994],[13.30685935,52.63844199],[13.3068489,52.63849473],[13.30682683,52.63860565],[13.30681104,52.63868541],[13.306807,52.63869225],[13.30677484,52.63874714],[13.30669585,52.6388819],[13.30669122,52.63888979],[13.30659758,52.63904959],[13.30659653,52.63905138],[13.30650977,52.63919933],[13.30644456,52.63931059],[13.30642971,52.63933585],[13.30640791,52.63937295],[13.30631981,52.63952278],[13.30626984,52.63960729],[13.30636867,52.63961512],[13.30644221,52.63962096],[13.30653854,52.6396286],[13.30671984,52.63964294],[13.30689377,52.6396567],[13.30703742,52.63966814],[13.30730289,52.63968913],[13.30729473,52.63979113],[13.3072871,52.63988574],[13.30727135,52.64008232],[13.3072692,52.64010823],[13.30788354,52.64009745],[13.30794186,52.64009646],[13.30806232,52.64015455],[13.30823223,52.64023657],[13.3081778,52.64060579],[13.30817285,52.6406393],[13.30816972,52.64066085],[13.30815338,52.64077184],[13.30853689,52.64109939],[13.30854585,52.64110714],[13.30861629,52.64116729],[13.3086837,52.64122721],[13.30870116,52.64124272],[13.30894325,52.64145789],[13.30889839,52.64173835],[13.30888456,52.64182453],[13.30886659,52.64193711],[13.30917903,52.64198622],[13.30915423,52.64210033],[13.30913453,52.64219077],[13.30910366,52.64233276],[13.30902952,52.64267342],[13.30940725,52.64272532],[13.30939502,52.64279679],[13.30938884,52.64283272],[13.3093216,52.64322614],[13.30930539,52.64332108],[13.3092878,52.64342366],[13.3092713,52.64352067],[13.30923595,52.64372402],[13.30922595,52.6437807],[13.30921565,52.64384635],[13.3092109,52.64387449],[13.30919852,52.64394632],[13.3089893,52.64390534],[13.30863515,52.64384759],[13.3084504,52.6438178],[13.30842952,52.64381444],[13.30820135,52.64408991],[13.30802016,52.64430861],[13.30801412,52.6443158],[13.30797333,52.64436502],[13.30791687,52.64443319],[13.3078504,52.64451335],[13.30760824,52.64480554],[13.30758941,52.64482825],[13.30747208,52.64496989],[13.30739014,52.64506881],[13.30719409,52.6453022],[13.30711111,52.64540559],[13.30701989,52.64551561],[13.30695729,52.6455911],[13.3068975,52.64566324],[13.30683378,52.6457402],[13.30679176,52.64579093],[13.30674757,52.64584431],[13.30658241,52.64604363],[13.30645572,52.6461966],[13.30639224,52.64627313],[13.30620916,52.64649401],[13.30620156,52.64650324],[13.30607442,52.64665657],[13.30599325,52.64675459],[13.30595413,52.64680182],[13.30588392,52.64688646],[13.30577626,52.64701643],[13.30575766,52.64703888],[13.30562216,52.64720225],[13.3055943,52.64723583],[13.3051955,52.64771714],[13.30500576,52.64794609],[13.30479783,52.64819871],[13.30440118,52.64868068],[13.3043185,52.64878106],[13.30399786,52.64917061],[13.30373121,52.64949456],[13.303639,52.64960647],[13.30359459,52.64966053],[13.30344264,52.64984513],[13.30324211,52.65008858],[13.30320451,52.6501344],[13.30303883,52.65033572],[13.30282768,52.65059222],[13.30256397,52.65091258],[13.30243785,52.65106572],[13.30204952,52.65153745],[13.3020408,52.65154804],[13.30165801,52.65201307],[13.30164638,52.65202714],[13.30163071,52.65204498],[13.30128291,52.6524686],[13.30042948,52.65350529],[13.30178457,52.65405218],[13.3023844,52.65429376],[13.30286968,52.65449106],[13.30397829,52.65493747],[13.30497681,52.6553411],[13.30509312,52.65538803],[13.30512278,52.65539815],[13.30519114,52.65542566],[13.30532984,52.65548156],[13.30619998,52.6558325],[13.30631165,52.65587754],[13.30671198,52.65603897],[13.30680312,52.6560757],[13.30709833,52.65619475],[13.30767513,52.65642963],[13.30845836,52.65674318],[13.30890638,52.65692616],[13.30927583,52.65707514],[13.30976968,52.65727429],[13.30996758,52.65735409],[13.31000066,52.65736743],[13.3100423,52.65737995],[13.31009798,52.65739547],[13.31004354,52.65744367],[13.30999728,52.65748453],[13.30994397,52.65746185],[13.30987609,52.6574452],[13.30967408,52.65736315],[13.30950977,52.65750173],[13.30940885,52.65758573],[13.30931324,52.65766341],[13.3092008,52.65774003],[13.30908845,52.65780668],[13.30898891,52.65785943],[13.30888762,52.65790715],[13.30875079,52.65796117],[13.30863926,52.65800092],[13.30879245,52.65817016],[13.30882121,52.65820198],[13.30883522,52.6582182],[13.30868987,52.658337],[13.30866801,52.65835713],[13.30854854,52.65842452],[13.30841521,52.65850097],[13.30826412,52.65858733],[13.30815456,52.65864745],[13.30767142,52.65892871],[13.30736075,52.65927536],[13.30711807,52.65961859],[13.30549661,52.65949479],[13.30482456,52.65944183],[13.30470446,52.65943341],[13.30465086,52.6594294],[13.30456577,52.65942333],[13.30454268,52.65942168],[13.30408439,52.65938895],[13.30332813,52.65931203],[13.30291586,52.65926337],[13.30252495,52.65920425],[13.30204871,52.65921256],[13.30142621,52.65923413],[13.30056579,52.65929359],[13.3000043,52.65927725],[13.29930159,52.65927825],[13.29854503,52.65930176],[13.29736895,52.65929706],[13.29713209,52.65929724],[13.29706469,52.65929729],[13.29697871,52.65929735],[13.29657532,52.65929764],[13.29580326,52.65929998],[13.29560788,52.6593006],[13.29554448,52.65930096],[13.29552363,52.65930171],[13.29449208,52.65934634],[13.29391306,52.65935786],[13.29369089,52.65936227],[13.29312737,52.65945199],[13.29214783,52.65958465],[13.29160311,52.65966112],[13.29018964,52.65985983],[13.28902646,52.65995118],[13.28850604,52.65997725],[13.28825988,52.65996915],[13.28779627,52.65984778],[13.2877474,52.65983639],[13.28766526,52.65995349],[13.28741681,52.65994644],[13.28737621,52.65994553],[13.2871676,52.6599394],[13.28658784,52.66007253],[13.28655402,52.66007984],[13.28607667,52.66018839],[13.28600958,52.66020476],[13.28592769,52.66022302],[13.2858841,52.66023262],[13.28543507,52.66033355],[13.28462821,52.66042934],[13.28457425,52.66043578],[13.28449638,52.66044328],[13.28431828,52.66046379],[13.28388021,52.66048677],[13.28366955,52.66052233],[13.28331368,52.66058234],[13.28276913,52.6607387],[13.28276852,52.66073302],[13.28272637,52.66034164],[13.28270272,52.66012194],[13.28269873,52.66008455],[13.28268633,52.65996949],[13.28266892,52.65980812],[13.28265152,52.65964652],[13.282636,52.65950231],[13.28262044,52.65935794],[13.28260488,52.65921358],[13.2825894,52.65906922],[13.28257373,52.65892377],[13.2825418,52.65862721],[13.2825186,52.65841193],[13.28251168,52.65834744],[13.28250481,52.65828374],[13.28248703,52.65811846],[13.28246961,52.65795667],[13.2824523,52.65779595],[13.28243484,52.65763367],[13.28241556,52.65745451],[13.28239525,52.65726594],[13.28237873,52.65711253],[13.28231135,52.65648675],[13.28220254,52.655476],[13.28214706,52.65496093],[13.28214578,52.65494906],[13.28213787,52.65487551],[13.28213661,52.65486374],[13.28200048,52.65359917],[13.28199646,52.65356179],[13.28195831,52.65320739],[13.28190943,52.65275345],[13.28263552,52.65272515],[13.28457894,52.6526494],[13.28513247,52.6526278],[13.28509133,52.65212166],[13.28503317,52.6510904],[13.2848054,52.64973595],[13.28466049,52.64884175],[13.28460367,52.64834341],[13.28450157,52.64828816],[13.28424097,52.64844745],[13.28440269,52.64819905],[13.28456584,52.64794899],[13.28452094,52.64749862],[13.28451767,52.64743599],[13.28446894,52.64659775],[13.28437738,52.64598704],[13.28433414,52.64569827],[13.28423537,52.6448007],[13.2841601,52.64435557],[13.28409879,52.64367456],[13.28407921,52.64345706],[13.28399509,52.64277333],[13.28396891,52.64256071],[13.28389352,52.6421136],[13.28385007,52.64166389],[13.2838332,52.64111845],[13.28331013,52.64103894],[13.28288946,52.64103125],[13.28246762,52.64102355],[13.28077337,52.64084994],[13.27704835,52.640304],[13.27694804,52.64028929],[13.27684044,52.64027639],[13.27645707,52.64020588],[13.27435801,52.64026787],[13.27424379,52.64027121],[13.27347568,52.64013443],[13.27216858,52.63990161],[13.27207122,52.63988433],[13.27197416,52.63986706],[13.26959884,52.63971272],[13.26653427,52.64007998],[13.26624445,52.64011468],[13.26579336,52.64017764],[13.26329012,52.64052685],[13.26262846,52.64061919],[13.26247392,52.64064073],[13.26215291,52.64068547],[13.26235462,52.63994903],[13.26222961,52.63993588],[13.26231354,52.63952208],[13.26231587,52.63951074],[13.2623442,52.6393709],[13.26240702,52.63906385],[13.26265657,52.63865061],[13.26280658,52.63847961],[13.26282925,52.63845363],[13.263156,52.63807962],[13.26340576,52.63776291],[13.26377485,52.6373955],[13.26438989,52.63643513],[13.26443164,52.63636974],[13.26447003,52.63631755],[13.26468362,52.63597763],[13.26470036,52.635931],[13.26520188,52.63453438],[13.2650395,52.63323406],[13.26495511,52.63255842],[13.26493474,52.63239526],[13.26489156,52.6320495],[13.26488289,52.63198027],[13.26487974,52.63195493],[13.26485162,52.63172947],[13.26483979,52.6316344],[13.26483126,52.63156612],[13.26482335,52.63150355],[13.26482113,52.63148557],[13.2648138,52.63142658],[13.26480244,52.63133518],[13.26476096,52.63100938],[13.26471642,52.63065779],[13.26470658,52.63058018],[13.26469982,52.6305268],[13.26468166,52.6303835],[13.26464122,52.63006561],[13.26463141,52.62998856],[13.2646216,52.62991135],[13.26455546,52.62938958],[13.26454174,52.62928162],[13.26449595,52.62892123],[13.26449108,52.62888297],[13.26449084,52.62888112],[13.26445304,52.62858295],[13.26444679,52.62853368],[13.26443953,52.62847648],[13.26442567,52.62836707],[13.26441638,52.62829378],[13.2644073,52.62822211],[13.26436605,52.627897],[13.26430642,52.62742718],[13.26429172,52.62731211],[13.26423473,52.62686298],[13.26412992,52.62691217],[13.26343139,52.6271789],[13.26237725,52.62732259],[13.26169064,52.62752231],[13.2610508,52.62761928],[13.26030324,52.62774287],[13.25962036,52.62770769],[13.25842088,52.62770747],[13.25825503,52.6277074],[13.25701412,52.62766589],[13.25662325,52.62757273],[13.25615095,52.62753738],[13.25568429,52.62750204],[13.25495752,52.62747083],[13.25421415,52.62746364],[13.25379592,52.62741146],[13.25323886,52.62734203],[13.25251738,52.62731289],[13.25173517,52.62730655],[13.25059314,52.62736036],[13.24913276,52.62747559],[13.24863479,52.62740507],[13.24846427,52.62738081],[13.24799879,52.62729512],[13.24765607,52.62732421],[13.24709904,52.62728603],[13.24641493,52.6272744],[13.24606365,52.62728558],[13.24587177,52.62732398],[13.24572695,52.62735263],[13.24499802,52.62757116],[13.24433875,52.62785939],[13.2441676,52.62791042],[13.24330178,52.62819006],[13.24318423,52.62819849],[13.24242717,52.6282957],[13.24209049,52.62828993],[13.24194898,52.62826044],[13.24183801,52.62823727],[13.2416998,52.62820839],[13.24166788,52.62820172],[13.24130037,52.62812494],[13.24112183,52.62808764],[13.24111933,52.62808709],[13.24031062,52.62788523],[13.23969469,52.62782777],[13.23867715,52.62779596],[13.23799916,52.62780919],[13.23759602,52.62778801],[13.2368641,52.62778973],[13.23668407,52.62779013],[13.23606009,52.62779167],[13.235784,52.62779938],[13.23419076,52.6276486],[13.23334108,52.62756077],[13.23271275,52.62750988],[13.23198599,52.62748141],[13.23092248,52.62742528],[13.23079744,52.62741661],[13.23053067,52.62739808],[13.23039576,52.62738874],[13.23026664,52.62740018],[13.22999769,52.62742407],[13.22980058,52.62744156],[13.2292788,52.62746732],[13.22909157,52.62747657],[13.22901347,52.6274816],[13.22871221,52.62750245],[13.22824019,52.62753507],[13.22809828,52.62754431],[13.22724501,52.62764055],[13.22647239,52.62782034],[13.22592283,52.62785694],[13.22591703,52.62797329],[13.22589943,52.6280472],[13.22587541,52.62814811],[13.22587544,52.62817086],[13.22587551,52.62817115],[13.22587596,52.62826593],[13.22577503,52.62825565],[13.22563766,52.62824165],[13.22512345,52.62840861],[13.22528678,52.62820614],[13.22525393,52.6282028],[13.22520347,52.6282135],[13.22516503,52.62822166],[13.22509616,52.62823627],[13.22503785,52.62824864],[13.22496506,52.62826408],[13.22484644,52.62828926],[13.22471011,52.62831817],[13.22463607,52.62833387],[13.22454151,52.62835305],[13.22424183,52.62841384],[13.22300544,52.62819848],[13.22205853,52.62824409],[13.22180468,52.6282563],[13.22054376,52.62831705],[13.22053948,52.62823768],[13.22053137,52.62815587],[13.22054657,52.6281101],[13.22059334,52.62800332],[13.22069263,52.62780767],[13.22036768,52.62707662],[13.22030058,52.62692566],[13.22026564,52.62629348],[13.22025591,52.62611533],[13.22007023,52.62527535],[13.21976048,52.62443764],[13.21817768,52.62234732],[13.21676275,52.62016231],[13.21482357,52.61926323],[13.20963126,52.61230093],[13.20688214,52.60913589],[13.20651071,52.60880978],[13.206036,52.60854801],[13.20502672,52.6081385],[13.20422874,52.60790945],[13.20264479,52.60752262],[13.20234478,52.60740107],[13.20213382,52.60728367],[13.20195653,52.60715168],[13.2018522,52.60704579],[13.2017419,52.60688413],[13.20162531,52.60655104],[13.20161577,52.6061586],[13.20169988,52.60549171],[13.20191792,52.60492316],[13.20204686,52.60470895],[13.20216484,52.60451291],[13.20232364,52.60424905],[13.20263685,52.6039617],[13.20508412,52.60203219],[13.20551405,52.60166835],[13.205807,52.6014204],[13.20633658,52.60088523],[13.20726512,52.59984017],[13.20818332,52.59901064],[13.20952446,52.59806736],[13.2112899,52.59682296],[13.21147169,52.5967393],[13.21531978,52.59496683],[13.21561961,52.59477684],[13.21664572,52.59412657],[13.21811466,52.59319558],[13.2188535,52.59237064],[13.21925249,52.59140002],[13.21887806,52.59048112],[13.21842601,52.5895642],[13.21801161,52.58872361],[13.21782139,52.58833774],[13.2173971,52.58747712],[13.21390069,52.58790337],[13.21382624,52.58791237],[13.21310877,52.58799991],[13.21221848,52.58810733],[13.21123806,52.5882267],[13.21023423,52.58826469],[13.20911412,52.58830657],[13.20824416,52.58833981],[13.20733998,52.58837472],[13.207129,52.58778538],[13.20692516,52.58720604],[13.20671054,52.58659772],[13.20537588,52.58685282],[13.2050363,52.58700938],[13.2046994,52.58714291],[13.20397011,52.58740003],[13.20350855,52.58756052],[13.20269755,52.58782884],[13.20258209,52.58786706],[13.20255645,52.58787883],[13.20253323,52.58788963],[13.20221172,52.58803629],[13.20211857,52.58807887],[13.20207806,52.58809738],[13.20199994,52.58813304],[13.20197509,52.58814454],[13.20181201,52.58821852],[13.20171853,52.58826114],[13.20151487,52.58835425],[13.20148985,52.58836321],[13.20090767,52.588574],[13.20034728,52.5887683],[13.20026284,52.58878017],[13.19916567,52.58893437],[13.19910086,52.58894128],[13.19848014,52.58900752],[13.1978578,52.58924054],[13.1974814,52.58930552],[13.19663196,52.58951822],[13.19573865,52.58961246],[13.19507202,52.58967114],[13.19423361,52.58978787],[13.19375772,52.58983036],[13.19337853,52.58989762],[13.19293547,52.5899873],[13.19243692,52.59007579],[13.19173803,52.59019049],[13.19146446,52.59031527],[13.19085918,52.59047318],[13.19068291,52.59059164],[13.19028534,52.59079121],[13.18961398,52.59114053],[13.18911649,52.59139925],[13.18858823,52.5915436],[13.18801755,52.59170547],[13.18799414,52.59171217],[13.1877481,52.59179093],[13.18761625,52.59183339],[13.18735537,52.59191231],[13.18670989,52.59210756],[13.18562659,52.59255371],[13.18523243,52.59289215],[13.1847916,52.59315727],[13.18471754,52.59320849],[13.18447334,52.59337735],[13.18342289,52.59369191],[13.18266024,52.59382273],[13.18191396,52.5938916],[13.18121945,52.59402662],[13.18022678,52.59431956],[13.17956112,52.59454114],[13.17833822,52.5948802],[13.17781495,52.59491633],[13.17685451,52.59492027],[13.17633756,52.59499139],[13.17578738,52.59502739],[13.17563281,52.59503982],[13.17540693,52.59505908],[13.17473186,52.59510727],[13.1743756,52.59518415],[13.17366792,52.59532839],[13.17333116,52.595476],[13.17295001,52.59574857],[13.17251688,52.59603812],[13.17197043,52.59628947],[13.17147515,52.59640758],[13.17132417,52.59644381],[13.1706575,52.59661],[13.17007701,52.59678782],[13.16938256,52.59685655],[13.16860549,52.59694084],[13.16819277,52.59699938],[13.16789674,52.59701083],[13.16706538,52.59745523],[13.16623311,52.59789765],[13.1653678,52.59835154],[13.16452979,52.59879547],[13.16437588,52.59875909],[13.16345495,52.59861615],[13.16333966,52.59859832],[13.16230785,52.59843866],[13.16132597,52.59828672],[13.16030405,52.59812857],[13.15927626,52.5979695],[13.15862822,52.5978692],[13.15819186,52.59780166],[13.15707382,52.59762823],[13.15705702,52.59762563],[13.15624187,52.59713383],[13.15545662,52.5966604],[13.15501109,52.59639075],[13.15495456,52.59635654],[13.15467229,52.5961857],[13.15410177,52.59584124],[13.15400796,52.59578463],[13.15395849,52.59575474],[13.15388945,52.59571307],[13.15223853,52.59415884],[13.15214156,52.59407902],[13.1521362,52.5940746],[13.15171194,52.59372539],[13.14928542,52.59187326],[13.14909715,52.59177049],[13.14880773,52.5916658],[13.14876331,52.59164974],[13.1452808,52.59039002],[13.14448565,52.5900885],[13.14380061,52.58982788],[13.14350607,52.58970495],[13.14334001,52.58965683],[13.14212202,52.58940326],[13.14186611,52.589358],[13.14172234,52.58933323],[13.14031183,52.58917078],[13.13988795,52.58912196],[13.13955392,52.58907935],[13.13934425,52.58905234],[13.13921691,52.58902576],[13.13910474,52.58900238],[13.13845389,52.58886663],[13.1381932,52.58878845],[13.1379046,52.5887019],[13.13647167,52.58785325],[13.13604496,52.5876005],[13.13599644,52.58757181],[13.13594777,52.58754303],[13.13571685,52.58742337],[13.13547788,52.58736559],[13.13434375,52.5871863],[13.13314782,52.58699715],[13.13266569,52.58692089],[13.13235217,52.58691834],[13.1313932,52.58691031],[13.13125529,52.58691908],[13.13107782,52.5869302],[13.13059918,52.58701465],[13.12929406,52.58724493],[13.12896434,52.58730311],[13.12887319,52.58708282],[13.12861055,52.58644812],[13.12844647,52.58605157],[13.12843268,52.58601827],[13.12934564,52.58593069],[13.12859491,52.58440799],[13.12839549,52.5840035],[13.12837155,52.58395487],[13.12796467,52.58312779],[13.12834367,52.58313635],[13.12890482,52.58318982],[13.12895373,52.58319632],[13.129543,52.58327489],[13.12989244,52.58322836],[13.12996026,52.5831936],[13.13026044,52.58304002],[13.13050642,52.58277315],[13.13074842,52.58232213],[13.1308068,52.58220664],[13.13108143,52.58166319],[13.13132652,52.58092129],[13.13149719,52.58058504],[13.13155583,52.5804695],[13.13167833,52.58022809],[13.13189205,52.57998404],[13.13207194,52.57977859],[13.13247673,52.57960755],[13.13260858,52.57959731],[13.13310675,52.57967892],[13.1336485,52.57976779],[13.13409969,52.57984172],[13.13445768,52.57990036],[13.13474658,52.57994803],[13.13495877,52.57998305],[13.13540526,52.5800566],[13.1354671,52.58001426],[13.13557488,52.58003179],[13.136033,52.58010628],[13.1366011,52.5802418],[13.13729033,52.5804588],[13.13751817,52.58053054],[13.13777791,52.58050805],[13.13827974,52.58046459],[13.13861387,52.58043565],[13.13915684,52.58038861],[13.13963088,52.58058511],[13.14004924,52.58080276],[13.1403989,52.58089325],[13.14059458,52.58094384],[13.14069326,52.5809712],[13.14165052,52.58123603],[13.14182966,52.58128574],[13.14203512,52.58134265],[13.14214394,52.58136323],[13.142989,52.58152249],[13.14300651,52.58152588],[13.14356843,52.5815563],[13.14384193,52.58157106],[13.14397928,52.58165151],[13.14443446,52.58191774],[13.14463271,52.582034],[13.14499914,52.58213165],[13.14514802,52.58217092],[13.14587596,52.58236495],[13.14841542,52.58304177],[13.14961045,52.58336116],[13.14967338,52.58326059],[13.14977022,52.58308759],[13.14979644,52.58304075],[13.14988611,52.5828786],[13.15059323,52.58259445],[13.15124016,52.58221207],[13.15134765,52.58203869],[13.15130985,52.58165399],[13.15159632,52.58114018],[13.15193314,52.58056954],[13.15205444,52.58044215],[13.15232585,52.58015707],[13.15260851,52.57971656],[13.15290013,52.57926209],[13.15315846,52.57894533],[13.15318347,52.5786006],[13.15319808,52.57839944],[13.153206,52.57829049],[13.15345562,52.57797803],[13.15351108,52.57790858],[13.1535202,52.57786165],[13.15358223,52.57754152],[13.15359775,52.57746144],[13.15354938,52.57723451],[13.15352968,52.57714203],[13.15345216,52.57677835],[13.15353507,52.57647909],[13.15357881,52.57632119],[13.15367349,52.57577186],[13.15349864,52.5753801],[13.15369364,52.57478065],[13.15346474,52.5745449],[13.15347021,52.57438873],[13.153483,52.57428262],[13.15348893,52.57423349],[13.15350033,52.57409702],[13.15354841,52.57348659],[13.15354658,52.57325586],[13.15335961,52.57308528],[13.15316401,52.57288698],[13.15304533,52.57276665],[13.15277649,52.57248356],[13.15288743,52.57201545],[13.15286671,52.57163354],[13.15286501,52.5716022],[13.15268244,52.57097475],[13.15238969,52.57046204],[13.15218241,52.57032224],[13.15185731,52.570203],[13.1514715,52.57006147],[13.15126537,52.5699859],[13.15126022,52.56973521],[13.15118537,52.56915223],[13.15109208,52.56902083],[13.1510389,52.56894353],[13.15037185,52.56797393],[13.15030534,52.56778017],[13.15028249,52.56771367],[13.15009277,52.56716086],[13.15006117,52.56706888],[13.1500274,52.56701542],[13.1498674,52.5667621],[13.14980144,52.56669735],[13.14974025,52.56663772],[13.14952889,52.56644081],[13.14949772,52.56641074],[13.149336,52.56625472],[13.14929685,52.56621696],[13.14911968,52.56604602],[13.14902925,52.56595878],[13.1489629,52.56589708],[13.14881372,52.56575833],[13.14874387,52.56569337],[13.14867196,52.5656265],[13.14851855,52.5655006],[13.14836896,52.56537781],[13.14823261,52.5652659],[13.14813639,52.56518692],[13.14810754,52.5651454],[13.1480156,52.56501305],[13.1479236,52.56492118],[13.14781959,52.56481762],[13.14778108,52.56477922],[13.14771189,52.56471024],[13.14770216,52.56470054],[13.14766345,52.5646391],[13.14763668,52.5645966],[13.14757032,52.56449137],[13.14751739,52.56440724],[13.1475068,52.56434086],[13.14747817,52.56416177],[13.14744823,52.56397426],[13.1474565,52.56375655],[13.14746952,52.56341432],[13.14745026,52.56308255],[13.14743992,52.56302341],[13.14742178,52.56292003],[13.14741405,52.56287589],[13.14738744,52.562724],[13.1473747,52.56265136],[13.14737938,52.56256264],[13.14738434,52.56246888],[13.14736391,52.56238402],[13.14731253,52.56217086],[13.14725556,52.56193443],[13.14724599,52.5618947],[13.14719319,52.56167138],[13.14714117,52.56145144],[13.14687914,52.56128522],[13.14664177,52.56116228],[13.14657765,52.56112907],[13.14645155,52.56106372],[13.14638938,52.56103151],[13.14602127,52.56086303],[13.14582693,52.56063771],[13.14579904,52.56060539],[13.14591487,52.56051681],[13.14601956,52.56043672],[13.14606972,52.56039838],[13.1460885,52.56029767],[13.14626826,52.55933357],[13.14656438,52.55916014],[13.14685538,52.55861869],[13.14687712,52.55842174],[13.14695797,52.55768904],[13.14693051,52.55704528],[13.14698957,52.55683037],[13.14705019,52.5566098],[13.1471946,52.55613922],[13.14728722,52.55583735],[13.14722625,52.55493627],[13.14720598,52.55489501],[13.1471718,52.5548243],[13.14715941,52.55479866],[13.14715261,52.55478463],[13.14714608,52.55477121],[13.14712036,52.55471824],[13.14710452,52.55468561],[13.1470962,52.55466848],[13.14704408,52.55456316],[13.14690774,52.55428035],[13.14657937,52.55409887],[13.14633514,52.55379101],[13.1461427,52.5535352],[13.1460269,52.55338128],[13.14585281,52.55293143],[13.14569526,52.55281052],[13.14558166,52.55272334],[13.14523819,52.55252267],[13.14482694,52.55247833],[13.14458663,52.55254719],[13.14422272,52.55211571],[13.14321409,52.55207851],[13.14278359,52.55219354],[13.14256218,52.55225269],[13.14170262,52.55240254],[13.14146717,52.55244329],[13.14136821,52.55246062],[13.1409367,52.55247266],[13.14038771,52.55248819],[13.13992192,52.55248543],[13.13860723,52.55253693],[13.13857535,52.55253818],[13.13853198,52.55253989],[13.13845974,52.55254274],[13.13832302,52.55254804],[13.13777683,52.55257267],[13.13671384,52.55265486],[13.13632915,52.55270665],[13.13530453,52.55306332],[13.13444835,52.55335097],[13.13423199,52.55348963],[13.13393484,52.55368008],[13.13381618,52.55375614],[13.1336801,52.55386189],[13.13356438,52.55395173],[13.13351813,52.55398774],[13.1334665,52.55403599],[13.13342931,52.55407075],[13.13339259,52.55410499],[13.13332069,52.554172],[13.13284936,52.5546113],[13.13248374,52.55492571],[13.13202041,52.55520239],[13.13153305,52.55547927],[13.13122308,52.55567385],[13.1310237,52.55580193],[13.13091103,52.55585227],[13.13079926,52.55589956],[13.13050214,52.55600958],[13.13047156,52.5559745],[13.13038958,52.55581567],[13.13024792,52.55554164],[13.13003951,52.55513779],[13.12999554,52.55505265],[13.12992326,52.55490767],[13.12991756,52.55489619],[13.12990886,52.5548788],[13.12982167,52.55467241],[13.12981246,52.55465062],[13.12970575,52.55439807],[13.12959906,52.55414552],[13.12950556,52.55392426],[13.12949211,52.55389302],[13.12938357,52.55364093],[13.1292984,52.55344324],[13.1292631,52.55339183],[13.1292472,52.55336867],[13.12910212,52.55301918],[13.12904212,52.55282218],[13.12897625,52.55264761],[13.12897215,52.55263889],[13.12881298,52.55228208],[13.12834057,52.55121915],[13.12820781,52.55091322],[13.12802231,52.55048621],[13.12797759,52.55038744],[13.12783809,52.55009173],[13.12783229,52.55007945],[13.1278129,52.55003843],[13.12779274,52.54999565],[13.12778598,52.54997972],[13.12771129,52.54982409],[13.12770555,52.54981218],[13.12767307,52.54974101],[13.12765737,52.54970654],[13.12759438,52.54956846],[13.12741013,52.54916449],[13.1272891,52.54889903],[13.12722781,52.54876464],[13.12716791,52.54863323],[13.12707417,52.54842864],[13.12699171,52.54824707],[13.12698169,52.54822467],[13.1269813,52.54822381],[13.12691317,52.54811059],[13.12687187,52.54802154],[13.12677906,52.54781822],[13.12672747,52.54771014],[13.12668038,52.54760649],[13.12658428,52.54739438],[13.12650042,52.54721036],[13.12649004,52.54719126],[13.12638102,52.5469907],[13.12616922,52.54660102],[13.12612742,52.54651762],[13.12607287,52.54637516],[13.12580453,52.5458255],[13.12579189,52.54579959],[13.12569198,52.54559498],[13.12564618,52.54550139],[13.12560845,52.5453952],[13.12553672,52.54519327],[13.12546468,52.54499047],[13.12527757,52.54446375],[13.12528277,52.544442],[13.1251492,52.54417314],[13.12499246,52.54384981],[13.12496454,52.54379218],[13.12558069,52.54355106],[13.12560543,52.54354137],[13.1255885,52.54350859],[13.12552632,52.54338826],[13.12543841,52.54312687],[13.12532528,52.54271878],[13.1253122,52.54267152],[13.12524141,52.54241619],[13.12516387,52.54213646],[13.12492502,52.541406],[13.12483653,52.54113919],[13.12474618,52.54086671],[13.12458213,52.5403721],[13.12451779,52.5401781],[13.12442398,52.53989522],[13.12430871,52.53954762],[13.12422909,52.53916516],[13.1242133,52.5391246],[13.12420511,52.53910338],[13.12420247,52.53909675],[13.12420256,52.53909599],[13.12418947,52.53906339],[13.12418428,52.53905001],[13.12414869,52.53905085],[13.12411927,52.53905154],[13.12407447,52.5390526],[13.12406266,52.53903308],[13.12402399,52.53896917],[13.12401478,52.53895393],[13.12400657,52.53893236],[13.12398092,52.53886503],[13.12400592,52.53886319],[13.12399903,52.53884401],[13.12396751,52.53875582],[13.12395221,52.53871295],[13.1239307,52.53865261],[13.12390594,52.53858353],[13.12375674,52.53824804],[13.12357049,52.53779891],[13.12352981,52.53767141],[13.1234775,52.53750763],[13.12333967,52.53707644],[13.12329603,52.53698962],[13.12310351,52.53663154],[13.12285034,52.53632252],[13.12266323,52.53611817],[13.12265434,52.53610849],[13.12248141,52.53588923],[13.12226378,52.53559621],[13.12215789,52.5353912],[13.12200628,52.5352158],[13.12188984,52.5351662],[13.12180073,52.53505578],[13.12179226,52.53504533],[13.1217072,52.53487183],[13.12170132,52.534781],[13.12169936,52.5347507],[13.12156642,52.53451453],[13.12156717,52.53434946],[13.12142797,52.53402256],[13.12130797,52.5336944],[13.12130244,52.53367959],[13.12123789,52.53357323],[13.1212108,52.53343577],[13.12120038,52.53328419],[13.12116986,52.53324255],[13.12108338,52.53312464],[13.12083847,52.53280358],[13.12059818,52.53252548],[13.12034892,52.53222578],[13.12017553,52.53192534],[13.11998715,52.5315761],[13.11996543,52.53153584],[13.11984833,52.5312615],[13.11978943,52.53112351],[13.11974801,52.5310097],[13.11968901,52.53084777],[13.11950675,52.53034643],[13.11950292,52.53033325],[13.11945603,52.53014092],[13.11940442,52.52991399],[13.11928547,52.52950757],[13.11927562,52.52937611],[13.11924824,52.52938146],[13.11924385,52.52935654],[13.11922577,52.52925407],[13.11919929,52.52912573],[13.11919161,52.52893536],[13.11918956,52.52892233],[13.11918445,52.5288921],[13.11917551,52.5288235],[13.11913409,52.52850645],[13.11912947,52.52847166],[13.11909995,52.52824623],[13.11907134,52.52789061],[13.11906837,52.52785465],[13.11906736,52.52784214],[13.11905045,52.52763206],[13.11902441,52.52730888],[13.11901461,52.52718689],[13.11900228,52.52708151],[13.11896727,52.52678283],[13.11891575,52.52634344],[13.11891426,52.52633282],[13.11888089,52.52610892],[13.11881443,52.52566334],[13.1187102,52.52496527],[13.11865979,52.52441813],[13.11862862,52.52407955],[13.11850983,52.5232149],[13.11843559,52.52247354],[13.11837801,52.52165042],[13.11837561,52.52161609],[13.11837033,52.52154063],[13.11836893,52.52152239],[13.11838438,52.52143402],[13.11836769,52.52118242],[13.11832748,52.52074774],[13.11823539,52.52046876],[13.11811485,52.52010024],[13.11810602,52.52006201],[13.11805884,52.51986123],[13.11801254,52.51966405],[13.11800456,52.51963007],[13.11776959,52.51862918],[13.11759498,52.517922],[13.11754869,52.51773452],[13.11738231,52.5170607],[13.11749909,52.5170572],[13.11767034,52.51705211],[13.1187012,52.51702133],[13.11893471,52.51701436],[13.11898862,52.51701276],[13.1191952,52.51700659],[13.11927225,52.51700429],[13.11966479,52.51703491],[13.12053496,52.51714778],[13.12066169,52.51716423],[13.1211363,52.51722579],[13.12278001,52.51739474],[13.12372856,52.51744748],[13.12515361,52.51751689],[13.12576811,52.51753836],[13.1263561,52.51753366],[13.12682765,52.51753376],[13.12684702,52.51753528],[13.12697191,52.51754508],[13.1269978,52.51754734],[13.12742038,52.51760774],[13.12752904,52.51762326],[13.12769678,52.51764724],[13.12822589,52.5177229],[13.12823312,52.51772398],[13.12827769,52.51773063],[13.12828531,52.51773177],[13.12831733,52.51773646],[13.12884644,52.51781407],[13.12888861,52.51782028],[13.12894636,52.51782877],[13.12903067,52.51784093],[13.12915553,52.517859],[13.12956485,52.51791905],[13.12996736,52.51797807],[13.13002547,52.5179856],[13.13008696,52.51799358],[13.13066009,52.51805132],[13.13105513,52.51809123],[13.13136217,52.51812206],[13.13153119,52.51812582],[13.13186335,52.51813321],[13.13190782,52.51813421],[13.13195257,52.51813799],[13.13261178,52.51819314],[13.13295927,52.51824779],[13.13318193,52.51828278],[13.1332649,52.51830595],[13.13357315,52.51839206],[13.13359208,52.51839735],[13.13379339,52.518425],[13.13381644,52.51842817],[13.13383906,52.51843128],[13.13386168,52.51843436],[13.13388412,52.51843757],[13.13402641,52.51845786],[13.13438301,52.51850534],[13.13469029,52.51854715],[13.13506671,52.51859832],[13.13584115,52.51870371],[13.13608561,52.51872566],[13.13609308,52.51872634],[13.13610782,52.51872768],[13.13615302,52.51873179],[13.13619805,52.51873584],[13.13622711,52.51873838],[13.1362699,52.51874214],[13.13659735,52.5187709],[13.13663886,52.51877456],[13.13706346,52.51881298],[13.13743267,52.51884681],[13.13746613,52.51885395],[13.13752289,52.5188674],[13.13853082,52.51909777],[13.13920021,52.51921833],[13.1400914,52.51937883],[13.14012544,52.51938497],[13.14044216,52.51944201],[13.14051114,52.51945337],[13.14095682,52.51952708],[13.1411277,52.51955534],[13.14146518,52.51961116],[13.14179944,52.51965393],[13.14207232,52.51968884],[13.14228745,52.51971632],[13.14231889,52.51972034],[13.14267374,52.51976567],[13.14318207,52.51969793],[13.14320585,52.51968371],[13.14330219,52.51962613],[13.14337456,52.51958287],[13.14351883,52.51949663],[13.14357386,52.51946374],[13.14371181,52.51941396],[13.14386056,52.51936118],[13.14402191,52.51930627],[13.14435431,52.51919314],[13.14445752,52.5190866],[13.14455195,52.51899057],[13.14482021,52.51862531],[13.14492838,52.51834719],[13.14497952,52.51821578],[13.14504144,52.51805663],[13.14516499,52.51792993],[13.14546394,52.51762342],[13.14563061,52.517466],[13.14622958,52.51742197],[13.14651276,52.51738946],[13.14716255,52.51726074],[13.14750091,52.5171951],[13.14782258,52.51706314],[13.14920515,52.51655529],[13.150014,52.51622059],[13.15014204,52.51616761],[13.15114276,52.5157808],[13.15182367,52.51555029],[13.15298015,52.51499173],[13.15408116,52.51447336],[13.15415674,52.51443895],[13.15438562,52.51433128],[13.15472754,52.51420026],[13.15515581,52.514038],[13.15521969,52.51401437],[13.15572898,52.51382085],[13.1557666,52.51380658],[13.15580438,52.51379226],[13.15610928,52.5136753],[13.1563244,52.51360572],[13.15677255,52.5134287],[13.15737857,52.51317445],[13.15772124,52.51306621],[13.1585884,52.51293989],[13.16026459,52.51234822],[13.16144156,52.51186073],[13.16228133,52.51150182],[13.1624019,52.51144991],[13.163386,52.51108231],[13.16399451,52.51089049],[13.16420205,52.51082017],[13.16499812,52.51055044],[13.16517217,52.51049182],[13.16619559,52.51014629],[13.1688237,52.50922638],[13.168692,52.50917573],[13.16859424,52.50913214],[13.16821835,52.50896455],[13.16797765,52.50885622],[13.16781634,52.50873199],[13.1673782,52.5083886],[13.16685,52.50799109],[13.16664676,52.5078486],[13.1661736,52.50752238],[13.16614417,52.50750221],[13.16565487,52.50717254],[13.16529883,52.50693095],[13.16514949,52.50683636],[13.16466181,52.50650736],[13.16416899,52.50617128],[13.16376153,52.50589927],[13.16370144,52.50585885],[13.16362156,52.50580511],[13.1635683,52.50576928],[13.16356459,52.50576959],[13.16217064,52.50484982],[13.16132238,52.50428586],[13.16119491,52.50420111],[13.15907647,52.50288199],[13.1585862,52.50259126],[13.15808345,52.50223441],[13.15762315,52.50189957],[13.15724081,52.50162204],[13.1572153,52.50162383],[13.15714101,52.50156951],[13.15628105,52.50094085],[13.15561682,52.50045524],[13.15530425,52.50022677],[13.15524746,52.50018524],[13.15476722,52.49983895],[13.1542598,52.49947307],[13.15335267,52.49881895],[13.15251222,52.4982129],[13.15247506,52.49818608],[13.15235002,52.49813122],[13.15160375,52.49757974],[13.15122597,52.49731009],[13.15088555,52.49711349],[13.15085117,52.4970936],[13.15077371,52.49704877],[13.15005891,52.49663487],[13.14979493,52.49645458],[13.1495904,52.49631487],[13.1493023,52.49609051],[13.14924302,52.49604434],[13.14841415,52.49539876],[13.14784851,52.49495721],[13.14778168,52.49490503],[13.14709925,52.49437229],[13.14666405,52.49402674],[13.14660261,52.49397794],[13.1462036,52.4936611],[13.14530109,52.49296463],[13.14443145,52.49229313],[13.1429842,52.49116549],[13.14181285,52.49026157],[13.14179856,52.49025056],[13.14178443,52.49023967],[13.14170554,52.4901788],[13.14164004,52.49012824],[13.14071078,52.48940706],[13.14026126,52.4890582],[13.13982036,52.48871314],[13.1389363,52.48802854],[13.13710142,52.48660425],[13.13700999,52.4865334],[13.13675516,52.48633673],[13.13620157,52.48590789],[13.13555334,52.485407],[13.13528749,52.48520129],[13.13461235,52.48467267],[13.13438754,52.48449674],[13.13346568,52.48377859],[13.13254745,52.48306504],[13.13162947,52.48235142],[13.13071652,52.48164494],[13.12979564,52.48094803],[13.12975323,52.48091551],[13.12955949,52.48076588],[13.12860566,52.48003013],[13.12833353,52.47982057],[13.12792372,52.47957121],[13.12686731,52.47895974],[13.12656665,52.47879317],[13.12627668,52.47865695],[13.12396913,52.47824888],[13.12335776,52.47816901],[13.12216938,52.47799455],[13.12195627,52.47795451],[13.12143963,52.47785834],[13.12119991,52.47781651],[13.12068274,52.47771104],[13.12050202,52.47774738],[13.12040557,52.47770007],[13.11979082,52.47760793],[13.11933537,52.47753776],[13.11912218,52.47750494],[13.11835266,52.47736999],[13.11805958,52.47734788],[13.11769327,52.47732033],[13.11768838,52.47724451],[13.11768345,52.47716819],[13.11767905,52.47709992],[13.11759243,52.47576754],[13.11755713,52.47503242],[13.11754883,52.47486509],[13.11754859,52.47486042],[13.11754424,52.47477835],[13.11755184,52.47457852],[13.11753593,52.47451662],[13.11751663,52.47439073],[13.11747986,52.47432496],[13.11747929,52.47432334],[13.11736002,52.47401019],[13.11735702,52.47400244],[13.11734324,52.47392106],[13.11728731,52.47359083],[13.11723453,52.47327992],[13.1162061,52.47167999],[13.11412929,52.4700651],[13.11378788,52.46979968],[13.11395419,52.4686191],[13.11185522,52.46744666],[13.11055654,52.4656575],[13.11100757,52.4646597],[13.11142867,52.46372772],[13.11134083,52.46186351],[13.11050269,52.45999699],[13.11196774,52.45922702],[13.11234385,52.4590294],[13.11237615,52.45901242],[13.11240945,52.45899492],[13.11242827,52.45895741],[13.1124572,52.45889969],[13.11246687,52.4588675],[13.11249591,52.4587718],[13.11252653,52.45866994],[13.11255689,52.45852027],[13.11259975,52.45818066],[13.11260403,52.4581539],[13.11262754,52.45799856],[13.11265076,52.45784714],[13.11267419,52.45769429],[13.11265487,52.45759712],[13.11264109,52.45752778],[13.11261491,52.45739607],[13.11259826,52.45731228],[13.11256441,52.45714212],[13.11256191,52.45712944],[13.11256011,52.45712043],[13.11255179,52.45707858],[13.11251769,52.45692064],[13.11250993,52.45687971],[13.11247955,52.45674203],[13.1124485,52.45660113],[13.1124443,52.45658207],[13.11243175,52.45650528],[13.11241789,52.45646069],[13.11241271,52.45644403],[13.11234207,52.45621669],[13.11230047,52.45603015],[13.11229105,52.45597332],[13.11219834,52.45562163],[13.11217545,52.45552891],[13.11214391,52.45528721],[13.11213851,52.45524588],[13.11205721,52.45462272],[13.1120297,52.45441181],[13.11201312,52.45437733],[13.11186139,52.45406169],[13.1118245,52.45398498],[13.1116587,52.45364009],[13.11135606,52.45316418],[13.11108085,52.45278836],[13.11038868,52.45203847],[13.11035861,52.45200757],[13.10991173,52.4515485],[13.10956102,52.45107913],[13.10931328,52.45069847],[13.10929634,52.45063553],[13.11005556,52.45001257],[13.11076886,52.44942804],[13.11152844,52.44880556],[13.11229433,52.44817943],[13.11302298,52.44758371],[13.11326323,52.44738502],[13.11363934,52.44707398],[13.11450822,52.44635794],[13.11536473,52.44565208],[13.11662645,52.44517364],[13.11734573,52.44482274],[13.11818278,52.44441388],[13.11901112,52.44400926],[13.11913565,52.4437747],[13.11902518,52.44327764],[13.11902213,52.443132],[13.11901848,52.44296616],[13.11904738,52.44291788],[13.11907082,52.44287869],[13.11909626,52.44283619],[13.11933349,52.4424399],[13.11976812,52.44171379],[13.11993063,52.44152117],[13.12012601,52.4414044],[13.12020846,52.44135513],[13.12312114,52.43961503],[13.1231531,52.4387089],[13.12214206,52.4378778],[13.11721805,52.4361645],[13.11393054,52.43296628],[13.1120738,52.43231028],[13.11278343,52.42919587],[13.10802181,52.42666058],[13.10691646,52.42564561],[13.10540948,52.4252831],[13.10456781,52.4239826],[13.1034865,52.42430224],[13.10160087,52.42463628],[13.10094926,52.42516271],[13.10046628,52.42530411],[13.09997562,52.42544775],[13.09931385,52.42534415],[13.09840049,52.42488893],[13.0980883,52.42407424],[13.09805391,52.42401683],[13.09772366,52.423466],[13.09583939,52.42197384],[13.0883476,52.41963127],[13.09021086,52.41354913],[13.09020983,52.41341607],[13.09020959,52.41338646],[13.09018787,52.4127306],[13.09027496,52.41221426],[13.09076788,52.41156046],[13.09212377,52.41124217],[13.09235492,52.41111582],[13.0934123,52.41053713],[13.09739208,52.40941999],[13.09798173,52.40988096],[13.0979754,52.40993958],[13.09833314,52.41006238],[13.09840813,52.41010508],[13.09861344,52.4102707],[13.09863867,52.41026084],[13.09870169,52.41033023],[13.09854661,52.410389],[13.09858209,52.41042464],[13.09857435,52.410427],[13.0985674,52.41043012],[13.09856138,52.41043392],[13.09855652,52.41043828],[13.09855292,52.41044308],[13.09855094,52.4104474],[13.09854999,52.41045185],[13.09855011,52.41045634],[13.09855127,52.41046078],[13.09855347,52.41046506],[13.09855665,52.41046911],[13.09859419,52.41050552],[13.09859878,52.41050902],[13.09860415,52.41051207],[13.09861017,52.41051463],[13.09861674,52.41051663],[13.09862371,52.41051804],[13.09863092,52.41051882],[13.0986396,52.41051891],[13.09864816,52.41051809],[13.09865636,52.41051641],[13.09866398,52.4105139],[13.09867081,52.41051063],[13.09877393,52.41060979],[13.09885035,52.41068303],[13.09889448,52.41072496],[13.09890592,52.41073626],[13.09891661,52.41074783],[13.09892657,52.41075965],[13.09893573,52.4107717],[13.0989441,52.41078397],[13.09895415,52.41080076],[13.09896276,52.41081784],[13.09896989,52.41083518],[13.09897552,52.41085272],[13.09897965,52.41087042],[13.09898226,52.41088822],[13.09898334,52.41090608],[13.09898289,52.41092396],[13.09898092,52.4109418],[13.09897742,52.41095954],[13.09897263,52.41097726],[13.09896604,52.41099475],[13.09895769,52.41101196],[13.09894759,52.41102882],[13.09893577,52.41104526],[13.09892232,52.41106122],[13.09890725,52.41107664],[13.09889066,52.41109144],[13.09887257,52.41110559],[13.09885308,52.41111901],[13.09876489,52.41116039],[13.09771796,52.4116225],[13.09765328,52.41162563],[13.09758673,52.41165496],[13.09756114,52.41169125],[13.09752865,52.4117049],[13.09754491,52.41171784],[13.09756588,52.41171994],[13.09759224,52.41174179],[13.0975887,52.41175442],[13.09755749,52.41176803],[13.09761048,52.41178177],[13.09758321,52.41181268],[13.09711305,52.4123459],[13.09645033,52.41308894],[13.09661912,52.41314185],[13.09681237,52.41320243],[13.09785572,52.41339321],[13.09788252,52.41338582],[13.09805085,52.41340526],[13.09817935,52.41344293],[13.09911056,52.41360599],[13.09926149,52.41362881],[13.09986026,52.41371936],[13.09994945,52.41372876],[13.10031223,52.41378464],[13.10056883,52.41379542],[13.10085914,52.41376056],[13.10085206,52.41373304],[13.10075225,52.41334516],[13.10073241,52.413019],[13.10073035,52.41299011],[13.10081116,52.41271838],[13.10097579,52.4121861],[13.10104696,52.41188625],[13.1010685,52.41180932],[13.10112185,52.411577],[13.10110031,52.41143323],[13.10107632,52.41127423],[13.10104569,52.41105254],[13.1010274,52.41098015],[13.10097048,52.41068171],[13.10100281,52.41053895],[13.10317868,52.41006122],[13.10356712,52.40997593],[13.10389455,52.40990403],[13.10439873,52.40979311],[13.10462598,52.40974312],[13.105124,52.40989785],[13.10546913,52.40974542],[13.10591451,52.4095487],[13.10618684,52.40956209],[13.1065488,52.40960614],[13.10676926,52.40967578],[13.10685148,52.40971416],[13.10696684,52.40977414],[13.10701927,52.40981464],[13.10708182,52.4098699],[13.10710507,52.40990325],[13.10712381,52.40993479],[13.10713248,52.40996094],[13.10714076,52.40999328],[13.10714418,52.41001532],[13.1071458,52.4100465],[13.1071533,52.41055141],[13.1071547,52.41068263],[13.10717956,52.41081754],[13.107203,52.41108634],[13.10726847,52.41139308],[13.10730194,52.4115469],[13.10736071,52.41179789],[13.10741756,52.41208842],[13.10741564,52.41212705],[13.10740599,52.41221058],[13.10739178,52.4122941],[13.10736219,52.41243505],[13.10732753,52.41263351],[13.10730449,52.41271789],[13.10725473,52.41282551],[13.10712366,52.41309903],[13.10710623,52.41318118],[13.1071427,52.41321349],[13.10725603,52.4133139],[13.10735608,52.41328308],[13.10747291,52.4132967],[13.10778027,52.41333253],[13.10780749,52.41332668],[13.10807594,52.41326909],[13.10810316,52.41326325],[13.1083493,52.41321044],[13.10847567,52.41318333],[13.10861621,52.41315324],[13.10866039,52.4131437],[13.10892716,52.41308762],[13.10917017,52.41303655],[13.10920121,52.41303002],[13.10944801,52.41297815],[13.10962407,52.41294114],[13.10990503,52.41203433],[13.10996794,52.41183125],[13.11000769,52.41170298],[13.11005427,52.41155264],[13.11010062,52.411403],[13.11013686,52.41128603],[13.11086384,52.41135332],[13.11091587,52.41135814],[13.11151175,52.4114133],[13.11154813,52.41129444],[13.1115914,52.41115311],[13.11164708,52.41097122],[13.11170266,52.41078966],[13.11175422,52.4106212],[13.11179745,52.41047998],[13.11145117,52.41044772],[13.11042452,52.41035208],[13.11049552,52.41012241],[13.11055554,52.40992824],[13.11061019,52.40975146],[13.11066524,52.40957343],[13.11059242,52.40956703],[13.11061614,52.40949029],[13.11063064,52.40944338],[13.10850611,52.40924301],[13.1069355,52.40948821],[13.10676567,52.40924403],[13.10665517,52.4089957],[13.10655388,52.40876809],[13.10646291,52.40877427],[13.10643968,52.40877584],[13.1064158,52.40874244],[13.10638269,52.40869005],[13.10654578,52.40867982],[13.10657502,52.40867797],[13.10679424,52.40866413],[13.10700155,52.40864262],[13.10751583,52.40858923],[13.10755058,52.40858562],[13.10768126,52.40857206],[13.10821349,52.4085168],[13.10861045,52.40847559],[13.10913424,52.40823998],[13.10926713,52.40817863],[13.10925965,52.40816133],[13.10944998,52.40804766],[13.10930649,52.40793144],[13.10832528,52.40725562],[13.10969384,52.40653585],[13.11110278,52.40529787],[13.11120409,52.40451017],[13.11181926,52.40398551],[13.11633734,52.40232331],[13.11775036,52.40211938],[13.11846437,52.4012812],[13.1202323,52.39984857],[13.12200303,52.39854641],[13.1231598,52.39787889],[13.12420581,52.39727526],[13.12478132,52.39686944],[13.12566089,52.39666225],[13.12692256,52.39657134],[13.12742406,52.39664006],[13.12846254,52.39694495],[13.1325231,52.39866329],[13.13350945,52.39936649],[13.1349565,52.39859649],[13.13503571,52.39857472],[13.13520183,52.39852927],[13.13542607,52.3984675],[13.13566529,52.39840114],[13.13640847,52.39819482],[13.13663657,52.3981315],[13.13810256,52.39785619],[13.13808606,52.39780723],[13.13804409,52.39768331],[13.13767225,52.39765002],[13.13753314,52.39763811],[13.13733471,52.39761924],[13.13725754,52.39761289],[13.13716566,52.39760466],[13.13708259,52.39759722],[13.13699806,52.39758878],[13.13693687,52.39758268],[13.13692455,52.39758145],[13.13673199,52.39756224],[13.13658276,52.39754749],[13.13647434,52.39753653],[13.13641092,52.39753006],[13.1361434,52.39750351],[13.13602793,52.39748875],[13.13571618,52.39744891],[13.13556042,52.397429],[13.13538009,52.39740596],[13.13512958,52.39737394],[13.13518027,52.39726761],[13.13535844,52.39690222],[13.13545231,52.39670971],[13.13558771,52.39642358],[13.1356092,52.39637928],[13.13561339,52.39637066],[13.13567911,52.39623634],[13.13571195,52.39617528],[13.13579789,52.39617572],[13.13601251,52.39617689],[13.13642253,52.39617706],[13.136807,52.39617713],[13.13699827,52.39617754],[13.13703921,52.39617497],[13.13713272,52.3961691],[13.13714746,52.39616817],[13.13743772,52.39614667],[13.13726028,52.39602516],[13.1374992,52.39601942],[13.13779394,52.39613443],[13.13799339,52.39612038],[13.1385865,52.39609962],[13.13836805,52.39597928],[13.13895019,52.39599236],[13.13822914,52.39570281],[13.13754221,52.39533764],[13.13706403,52.39508343],[13.13664069,52.39485838],[13.13624167,52.39464625],[13.13449297,52.39368649],[13.13387763,52.39330179],[13.13291439,52.3926206],[13.13178105,52.39182428],[13.13174568,52.39179942],[13.13156878,52.39179345],[13.13154689,52.39181986],[13.13149773,52.39187914],[13.13149099,52.39188181],[13.13145222,52.39184914],[13.13141365,52.39181662],[13.13138779,52.39179483],[13.13137821,52.39179414],[13.13129976,52.39172778],[13.13130775,52.39172421],[13.13131792,52.39172582],[13.1313204,52.39170062],[13.13132247,52.39167951],[13.13132979,52.39167981],[13.13142008,52.39170261],[13.13153345,52.39173126],[13.13150344,52.39170428],[13.1309112,52.39117198],[13.1301674,52.39049682],[13.13016041,52.39050124],[13.13006747,52.39055993],[13.12993967,52.39064064],[13.12986471,52.39068797],[13.12985215,52.3906959],[13.13000948,52.39085185],[13.13017916,52.39102008],[13.13042628,52.39126502],[13.13050356,52.39134174],[13.13085852,52.39169075],[13.13102769,52.39163572],[13.13103354,52.39163312],[13.13110816,52.39169638],[13.13113652,52.39172042],[13.13114526,52.39172071],[13.1312229,52.39178688],[13.13121583,52.39179041],[13.13120237,52.39178991],[13.13120029,52.39181141],[13.13119789,52.39183612],[13.1311906,52.39183587],[13.13110173,52.391809],[13.13092657,52.39175602],[13.13092265,52.39175594],[13.13074538,52.3917523],[13.12938333,52.3917243],[13.1293747,52.39165413],[13.12931639,52.39165264],[13.12905177,52.39164568],[13.12900463,52.39164449],[13.12868963,52.39163634],[13.12868277,52.39163616],[13.12843455,52.39162969],[13.12840385,52.39162884],[13.12838477,52.3916284],[13.12837302,52.39162817],[13.12811879,52.3916235],[13.12756981,52.39161346],[13.12729385,52.39160843],[13.12724122,52.39141786],[13.12719831,52.39126293],[13.12715202,52.39109522],[13.12714716,52.39107767],[13.12710982,52.3909428],[13.12706044,52.39076385],[13.12701823,52.39061143],[13.12697604,52.39045902],[13.12688713,52.39013719],[13.12684367,52.38998],[13.126734,52.38958367],[13.12720795,52.38932991],[13.12754814,52.38914177],[13.12761176,52.38910658],[13.12783879,52.38898083],[13.1281013,52.38883555],[13.12830616,52.38872201],[13.12857618,52.38857379],[13.12879719,52.38845231],[13.12914432,52.38826173],[13.12928015,52.38818681],[13.12948426,52.38807498],[13.12984709,52.38787609],[13.13013055,52.38772046],[13.13017178,52.38769808],[13.1306772,52.38742288],[13.13075305,52.38737898],[13.13092756,52.38731222],[13.13097903,52.38729248],[13.13108524,52.38725177],[13.13130498,52.38722546],[13.13144429,52.38746877],[13.13154105,52.38749704],[13.13171781,52.38750506],[13.13198618,52.38751715],[13.13203062,52.38750942],[13.13223077,52.38747486],[13.13235781,52.38745283],[13.1324889,52.38743011],[13.13268509,52.38739434],[13.13271026,52.38738978],[13.13274397,52.38738363],[13.13274943,52.38738264],[13.13285537,52.38736329],[13.13291425,52.38735253],[13.13295113,52.38734615],[13.1331808,52.3873046],[13.13319047,52.38732295],[13.13323946,52.38741572],[13.13325473,52.38744466],[13.13329042,52.38750824],[13.13334227,52.38760063],[13.13339412,52.38769302],[13.13344597,52.38778541],[13.13344957,52.38779182],[13.13349783,52.3878778],[13.13355055,52.38797174],[13.13356114,52.38799061],[13.13357068,52.3880076],[13.13357599,52.38801701],[13.1336222,52.3880994],[13.13367372,52.38819119],[13.13370476,52.38824645],[13.13372523,52.38828297],[13.13377675,52.38837476],[13.13382825,52.38846655],[13.13383599,52.38848032],[13.13387977,52.38855834],[13.1339313,52.38865013],[13.13397947,52.38873594],[13.13374357,52.38874714],[13.13329888,52.38864859],[13.1328742,52.38874342],[13.13270944,52.38884393],[13.13256865,52.38892979],[13.13241114,52.38903931],[13.13236648,52.3890716],[13.13219456,52.38918992],[13.13202136,52.38931043],[13.13189568,52.3893978],[13.13184286,52.38943154],[13.13161695,52.38957547],[13.13145866,52.38967633],[13.13135168,52.38974456],[13.13100831,52.38996339],[13.13080918,52.39009026],[13.13075281,52.39012597],[13.13069571,52.39016221],[13.13037364,52.39036622],[13.13202502,52.391715],[13.13207754,52.3917579],[13.13209672,52.39177141],[13.13218098,52.39183073],[13.13313678,52.39250374],[13.13408455,52.39317499],[13.1347076,52.39356342],[13.13642456,52.39450668],[13.13665071,52.39462687],[13.13703976,52.39483365],[13.13776298,52.39521803],[13.13819849,52.39544949],[13.13839275,52.39555273],[13.14008641,52.39623919],[13.14042603,52.3963737],[13.14068639,52.39651306],[13.1409628,52.396661],[13.14098856,52.39667479],[13.14109414,52.3967313],[13.14124191,52.39680644],[13.14152477,52.3969503],[13.1418185,52.39709966],[13.14198693,52.39696088],[13.14207304,52.39698207],[13.14221071,52.39701594],[13.14242087,52.39706763],[13.14256393,52.39710281],[13.14282152,52.3971611],[13.14284908,52.39716733],[13.14320447,52.39724774],[13.14322088,52.39712378],[13.1432631,52.39684995],[13.14328164,52.39672627],[13.14313412,52.39667346],[13.14337293,52.39649737],[13.14351238,52.39639454],[13.14370344,52.39625377],[13.14385879,52.3961391],[13.1447861,52.39582745],[13.14573895,52.3955034],[13.14580036,52.39549747],[13.14597595,52.39548049],[13.14657881,52.39542222],[13.146805,52.39540035],[13.14788884,52.39529519],[13.1489334,52.39519463],[13.14901632,52.39518659],[13.15002062,52.39508929],[13.15104403,52.39501011],[13.15110363,52.39500549],[13.15219571,52.3949254],[13.15329048,52.39484002],[13.15445804,52.3946521],[13.15466888,52.39461802],[13.15560572,52.39446661],[13.1567959,52.39427606],[13.15766148,52.39413473],[13.15886918,52.39393902],[13.15893797,52.39394237],[13.15953307,52.39397141],[13.15999664,52.39399403],[13.16023203,52.39400551],[13.16123345,52.39405429],[13.16124793,52.39405499],[13.16136558,52.39406081],[13.16228187,52.39410615],[13.16344309,52.39416669],[13.16351597,52.39417039],[13.16359313,52.39417431],[13.16432774,52.39421159],[13.16441076,52.3942158],[13.16452193,52.39422145],[13.1645659,52.39422368],[13.16461725,52.39422629],[13.16575517,52.39428204],[13.16592758,52.39429059],[13.16685411,52.39433654],[13.16796073,52.39439152],[13.16813159,52.39439268],[13.16819272,52.3943931],[13.16876875,52.39439557],[13.16937813,52.39464858],[13.17014183,52.39496741],[13.17096449,52.39531074],[13.17175746,52.39564235],[13.17174285,52.39570448],[13.17160528,52.39626751],[13.17136292,52.39735167],[13.17130934,52.39758206],[13.17127752,52.39762405],[13.1711657,52.39782674],[13.17083646,52.3977442],[13.17004943,52.39759553],[13.16931608,52.39744822],[13.16874028,52.39735801],[13.16846715,52.39732954],[13.16810566,52.39729185],[13.16698785,52.39717527],[13.16412961,52.39691727],[13.16124821,52.39662734],[13.16044385,52.39656408],[13.16033206,52.39655529],[13.15779554,52.39635575],[13.15783136,52.39652723],[13.157844,52.3965714],[13.1579168,52.39689849],[13.15778255,52.39722676],[13.15794531,52.39755771],[13.15819944,52.39792515],[13.15825501,52.39800089],[13.15843527,52.39826529],[13.15877349,52.39890025],[13.15922268,52.3995422],[13.15938877,52.39990655],[13.15932234,52.40040567],[13.1593141,52.40111592],[13.159312,52.40114126],[13.15930896,52.40121682],[13.15929149,52.40155996],[13.15928784,52.40162701],[13.15927858,52.40181316],[13.15926983,52.40198908],[13.1592337,52.40277509],[13.15935732,52.40281233],[13.15935291,52.40284071],[13.15934993,52.40285823],[13.15935101,52.40285864],[13.16021062,52.40314522],[13.16118936,52.40347087],[13.16237824,52.40386642],[13.16316939,52.40412804],[13.16394479,52.40438522],[13.16461813,52.40461173],[13.16546886,52.40490526],[13.16631948,52.40519043],[13.16733469,52.40555191],[13.16835489,52.40587899],[13.16932482,52.40620347],[13.17055864,52.40661041],[13.17178741,52.4070127],[13.17304075,52.40742782],[13.17418594,52.4078113],[13.17468176,52.40797733],[13.17501595,52.40808923],[13.1759985,52.40842045],[13.17736377,52.40888145],[13.17856538,52.40928329],[13.17995734,52.40974689],[13.1811378,52.41014075],[13.18256123,52.41061037],[13.18399902,52.41109297],[13.18501854,52.41143282],[13.18502497,52.41143496],[13.18523024,52.41150308],[13.18523887,52.41150593],[13.18643402,52.41190636],[13.18783863,52.41237368],[13.18926584,52.41285135],[13.19035582,52.41322044],[13.19152334,52.41362028],[13.19288394,52.414066],[13.19432386,52.41453447],[13.19541696,52.41489882],[13.19666343,52.41531155],[13.19667171,52.41531432],[13.196664,52.41534503],[13.19724649,52.41553785],[13.19737017,52.41553048],[13.19758929,52.41551762],[13.1994444,52.41540984],[13.20032847,52.41551863],[13.20120289,52.41552531],[13.20452562,52.41583473],[13.20644616,52.41617268],[13.20795097,52.41646066],[13.20956165,52.41676949],[13.20971306,52.41679853],[13.21101099,52.41711567],[13.2115231,52.41726071],[13.21201884,52.41740363],[13.21303823,52.41777769],[13.21354718,52.41784275],[13.21422564,52.4180406],[13.21447033,52.41813628],[13.21452599,52.41815805],[13.21488475,52.41829832],[13.21605854,52.41871031],[13.21638354,52.41883008],[13.21709231,52.41916917],[13.21804543,52.41930538],[13.21822343,52.41935209],[13.21927859,52.4196292],[13.22086701,52.4200051],[13.22141421,52.4201211],[13.2222317,52.42036736],[13.22359181,52.42076877],[13.22365888,52.42066835],[13.22502666,52.4210676],[13.22503751,52.42107079],[13.22506038,52.42107814],[13.22526087,52.42091734],[13.22526584,52.42083809],[13.22532552,52.42083811],[13.22606372,52.42083729],[13.22647508,52.42082772],[13.22661724,52.4208096],[13.2272855,52.4207245],[13.22844359,52.42059774],[13.22845036,52.42059697],[13.22852792,52.42058848],[13.22860408,52.42057999],[13.22883409,52.42055493],[13.2288767,52.42055029],[13.22888205,52.42054987],[13.2289959,52.42054013],[13.22909269,52.42053369],[13.22918654,52.42052647],[13.22924197,52.42052179],[13.22924452,52.420522],[13.22928022,52.42052022],[13.22937404,52.42051559],[13.22948358,52.42051027],[13.22957273,52.42050575],[13.22972536,52.42049826],[13.22977124,52.42049599],[13.22986492,52.42049127],[13.22995859,52.42048664],[13.22996712,52.42048631],[13.23005242,52.42048202],[13.23014624,52.42047739],[13.23021123,52.42047481],[13.23034476,52.42046754],[13.23045364,52.42046297],[13.23054328,52.42045778],[13.2306371,52.42045315],[13.23069575,52.42045115],[13.23073077,52.42044852],[13.2308246,52.4204438],[13.23091827,52.42043917],[13.2309348,52.42043839],[13.2309512,52.42043757],[13.2311168,52.42042834],[13.23119166,52.42042428],[13.23131533,52.42041705],[13.23140902,52.42041179],[13.23145606,52.42040961],[13.23150284,52.42040644],[13.23159652,52.42040118],[13.23169034,52.42039584],[13.23173457,52.42039417],[13.23188889,52.42038464],[13.23196477,52.4203803],[13.23198402,52.42038071],[13.23223468,52.4203728],[13.23225647,52.42037112],[13.23246715,52.42036545],[13.23260951,52.42035999],[13.23277072,52.42035588],[13.23296237,52.42034894],[13.2330574,52.42034683],[13.23314146,52.42034325],[13.23331451,52.42038777],[13.23334545,52.4203956],[13.23364336,52.42047193],[13.23366617,52.42047817],[13.23382193,52.42051833],[13.23411365,52.42057384],[13.23412042,52.42057514],[13.23438733,52.42062598],[13.23447185,52.42064207],[13.23463487,52.42067334],[13.23472806,52.42069118],[13.23482167,52.4207091],[13.23491486,52.42072703],[13.23494343,52.42073194],[13.23500832,52.42074495],[13.23510195,52.42076297],[13.23519558,52.4207808],[13.23527467,52.42079562],[13.23533012,52.42080793],[13.23546772,52.42083823],[13.23547506,52.42083978],[13.23560463,52.42086537],[13.2356331,52.42087094],[13.23574337,52.42086682],[13.23579467,52.42086394],[13.23588131,52.4208617],[13.23601952,52.4208565],[13.23611761,52.42085213],[13.23622851,52.42084819],[13.23641077,52.42084152],[13.23644241,52.42084072],[13.23658047,52.42083552],[13.23668421,52.4208319],[13.23671839,52.42083041],[13.23685647,52.4208252],[13.23695682,52.42082166],[13.23699454,52.42082008],[13.23720569,52.42081215],[13.23722928,52.42081141],[13.23741698,52.42080422],[13.23750158,52.42080118],[13.23755461,52.4207991],[13.23762122,52.42079671],[13.23769278,52.42079902],[13.23777322,52.4208017],[13.23783047,52.4208036],[13.23796802,52.4208081],[13.23804474,52.42081069],[13.2381063,52.42081268],[13.2383164,52.42081967],[13.23832098,52.42081987],[13.23847189,52.42082485],[13.23858921,52.42082869],[13.23862223,52.42082984],[13.23870201,52.42083244],[13.23877314,52.42083483],[13.23886408,52.42083781],[13.23892346,52.42083981],[13.23907409,52.4208448],[13.23913578,52.4208469],[13.23922441,52.42084988],[13.23937519,52.42085496],[13.23940763,52.42085609],[13.23941321,52.42085628],[13.23952564,52.42086102],[13.23967641,52.42086745],[13.23967917,52.4208676],[13.23975472,52.42087081],[13.23982701,52.42087396],[13.23995041,52.42087915],[13.24000701,52.42088156],[13.24018686,52.42088924],[13.24027886,52.42089313],[13.24033761,52.42089567],[13.24048822,52.42090209],[13.24060758,52.42090712],[13.24063884,52.42090851],[13.24078944,52.42091485],[13.24103733,52.42092542],[13.24103865,52.42092555],[13.24118572,52.4209324],[13.24140597,52.42094274],[13.24161462,52.4209525],[13.24176536,52.42095955],[13.24191582,52.4209666],[13.24209595,52.420975],[13.2422761,52.4209835],[13.24242656,52.42099055],[13.2425773,52.4209976],[13.2427573,52.421006],[13.24293743,52.4210144],[13.24308804,52.42102145],[13.24323865,52.4210285],[13.24338925,52.42103554],[13.24354,52.4210426],[13.24377775,52.42105337],[13.24380801,52.42105542],[13.24384115,52.42105634],[13.24401064,52.42106354],[13.24407138,52.42106639],[13.24418265,52.42107243],[13.24501021,52.42111162],[13.24580577,52.42116528],[13.24595197,52.42117513],[13.24601903,52.42104751],[13.24619316,52.42072279],[13.24637178,52.4203761],[13.24698473,52.41921377],[13.24714584,52.4188996],[13.24717899,52.41872131],[13.2472508,52.4183537],[13.24739579,52.41755491],[13.24741515,52.41747829],[13.24741502,52.41746236],[13.24742442,52.41741699],[13.24744934,52.41730859],[13.24751928,52.41724704],[13.24753788,52.41718665],[13.24755347,52.41713373],[13.24781818,52.41632349],[13.24791592,52.41603658],[13.24797626,52.41585457],[13.24799835,52.41579812],[13.24796855,52.41572085],[13.24795292,52.41568033],[13.24801142,52.41549036],[13.24804559,52.41536232],[13.24810926,52.41518692],[13.24816559,52.41501051],[13.24825598,52.41476969],[13.24832939,52.41457249],[13.24841507,52.41428141],[13.24844856,52.41411131],[13.24848307,52.41395955],[13.24850686,52.41394542],[13.24866865,52.41327832],[13.24874036,52.41298702],[13.24899119,52.41195938],[13.24903576,52.41176361],[13.24903819,52.41130799],[13.2490166,52.41035946],[13.24900463,52.40976048],[13.2489959,52.40940559],[13.24899419,52.40934398],[13.24898359,52.40896021],[13.24897147,52.40883031],[13.24890227,52.40870261],[13.24874026,52.40840846],[13.24892382,52.40818239],[13.24914971,52.40790426],[13.24921189,52.40767615],[13.24927325,52.4074454],[13.24941734,52.40663692],[13.24944325,52.40657109],[13.249675,52.40538442],[13.24969375,52.40530964],[13.24971017,52.40524628],[13.24971337,52.40523335],[13.24972735,52.40518461],[13.24978063,52.40498199],[13.25066864,52.40531823],[13.25117317,52.40549866],[13.25164036,52.40564573],[13.25203148,52.40575463],[13.25213737,52.4057819],[13.25218527,52.40579356],[13.25242509,52.40584674],[13.25330925,52.40603538],[13.25381666,52.40612029],[13.25450458,52.40621493],[13.25584363,52.40632231],[13.25713446,52.40640067],[13.25759279,52.4063986],[13.25805745,52.4063951],[13.25896914,52.40633638],[13.25931714,52.40629505],[13.25973631,52.4062312],[13.26016596,52.40615515],[13.26027401,52.40613733],[13.26086453,52.40600077],[13.26136632,52.4058588],[13.26242078,52.40545456],[13.26359869,52.40499342],[13.26410449,52.40484499],[13.26462734,52.40471466],[13.2659326,52.40444088],[13.26696539,52.40428253],[13.26728783,52.40429133],[13.26850429,52.4042393],[13.26889046,52.40423653],[13.2690139,52.40423573],[13.26925415,52.40423394],[13.27005927,52.40418919],[13.27092229,52.4042174],[13.27199764,52.40431652],[13.27265709,52.40448098],[13.2741979,52.40478952],[13.27481794,52.40495941],[13.27542667,52.40510477],[13.27556925,52.40513881],[13.27581684,52.40519793],[13.27707406,52.40582794],[13.27779971,52.40617222],[13.28014239,52.40726349],[13.28035139,52.40736494],[13.28387237,52.40931496],[13.28527844,52.41009727],[13.28816038,52.41169835],[13.29016965,52.41281969],[13.29036976,52.41298193],[13.29322526,52.41456116],[13.29553403,52.41575201],[13.29675296,52.41625256],[13.29677455,52.41623482],[13.29680069,52.41619968],[13.29688406,52.41607984],[13.29690424,52.41605086],[13.29692072,52.41602719],[13.29709161,52.41577721],[13.29709529,52.41546026],[13.2969583,52.41505017],[13.29672382,52.41474217],[13.29635153,52.41459195],[13.29604327,52.41452746],[13.29593279,52.41450434],[13.29612198,52.41433255],[13.29623649,52.41422857],[13.29625371,52.41418504],[13.2962722,52.41416699],[13.29643604,52.41400703],[13.2965998,52.41384716],[13.29694309,52.41351201],[13.29709944,52.41335937],[13.29725563,52.41320688],[13.29726975,52.41319313],[13.29741236,52.41305386],[13.29755443,52.41291515],[13.2975684,52.41290245],[13.2977329,52.41275298],[13.29789765,52.41260327],[13.29806231,52.41245363],[13.29838495,52.41216042],[13.29844432,52.41210648],[13.29845254,52.41209901],[13.29852447,52.41203365],[13.29862093,52.41195354],[13.2986461,52.41193265],[13.29866037,52.41192079],[13.29871638,52.41186944],[13.29872177,52.41186444],[13.29952716,52.41112257],[13.30109307,52.40967571],[13.30110901,52.40965979],[13.30111838,52.40965062],[13.30119714,52.40958412],[13.30120726,52.40957645],[13.30132795,52.40946922],[13.30152335,52.40929559],[13.30166003,52.40917411],[13.30171071,52.40912863],[13.30196119,52.40890651],[13.30208558,52.40879586],[13.30211061,52.40877362],[13.30217728,52.40871441],[13.30219496,52.40869657],[13.30222754,52.40866913],[13.3022968,52.40860757],[13.3023258,52.40858246],[13.30256985,52.40836556],[13.30264234,52.40830114],[13.30285446,52.40811347],[13.30285681,52.40811058],[13.30296477,52.40801472],[13.30304834,52.40794036],[13.30313148,52.40786653],[13.30320883,52.40779782],[13.3034095,52.40761861],[13.30344504,52.40758782],[13.30347926,52.407556],[13.30355567,52.40748962],[13.30378862,52.40728257],[13.30384781,52.40722576],[13.30399875,52.40708104],[13.30416243,52.40692387],[13.30427518,52.40681569],[13.30436278,52.40673164],[13.30460916,52.40649524],[13.30468848,52.40641907],[13.30475382,52.40635577],[13.30481939,52.4062928],[13.30524323,52.40588677],[13.30530417,52.4058271],[13.30531838,52.40581329],[13.30547493,52.40566166],[13.30578853,52.40536178],[13.30582182,52.40532873],[13.30604539,52.40511591],[13.30610274,52.40506072],[13.30631307,52.40486006],[13.30666269,52.40452527],[13.30670056,52.40448915],[13.30684837,52.40434811],[13.30689277,52.40430699],[13.3072252,52.40399028],[13.30771138,52.40353194],[13.30824896,52.40299998],[13.3082773,52.40297193],[13.3083585,52.40288717],[13.30836868,52.40288078],[13.30849575,52.40274495],[13.30881489,52.40240378],[13.30892069,52.40229068],[13.30899834,52.40220766],[13.30916474,52.40202977],[13.30930262,52.40188238],[13.30945135,52.40172337],[13.30951438,52.40165598],[13.30960024,52.40156429],[13.30965325,52.40151459],[13.30975474,52.40141736],[13.30976523,52.40140716],[13.30991099,52.40126883],[13.30993832,52.40124243],[13.31005639,52.40112916],[13.31009691,52.40109125],[13.31025549,52.40094034],[13.31046838,52.40073718],[13.31060283,52.40060984],[13.31062799,52.40058511],[13.31078414,52.40044298],[13.31091281,52.40032587],[13.31128995,52.39995528],[13.31149916,52.39973037],[13.31199556,52.39919923],[13.31206439,52.3991054],[13.3129113,52.39975847],[13.31381127,52.40045185],[13.31395518,52.40052529],[13.31413743,52.40061933],[13.31420731,52.400648],[13.31433652,52.40070091],[13.31449768,52.40076703],[13.31466586,52.40083605],[13.31485073,52.40091185],[13.31629487,52.40147443],[13.3171727,52.40183854],[13.31804133,52.40219642],[13.31836118,52.4023246],[13.31849818,52.40239946],[13.31867944,52.40246994],[13.31899873,52.40259397],[13.31964025,52.40282399],[13.31983694,52.40289451],[13.32064166,52.40317312],[13.32084496,52.40324347],[13.32184301,52.40363491],[13.32278809,52.40399816],[13.32360828,52.40431669],[13.323915,52.40443583],[13.32473378,52.40475021],[13.32492344,52.4048225],[13.32573212,52.40513091],[13.32624069,52.40532443],[13.32693493,52.40558888],[13.32710073,52.40564655],[13.3271069,52.40564862],[13.32727884,52.40570847],[13.3272935,52.40571354],[13.32736226,52.40573842],[13.32899649,52.40633136],[13.3302465,52.40679525],[13.33072083,52.40697096],[13.33087459,52.40702796],[13.33199871,52.40744632],[13.33210748,52.40748667],[13.33282837,52.4077568],[13.33301612,52.40782745],[13.33383816,52.40813603],[13.33482018,52.40849587],[13.33551877,52.40874319],[13.33566976,52.40879991],[13.33572325,52.40881999],[13.33664852,52.40916762],[13.33767536,52.40955836],[13.33854814,52.40989184],[13.33890317,52.4100275],[13.34038697,52.41061731],[13.34155038,52.4110779],[13.3420737,52.41128326],[13.34221338,52.41134011],[13.34255066,52.41145353],[13.34280391,52.41153871],[13.34307183,52.41162912],[13.34334723,52.41172172],[13.34332367,52.41132645],[13.34329685,52.4108719],[13.34318533,52.40935244],[13.34305774,52.40768645],[13.34368535,52.40729532],[13.34442803,52.40683249],[13.34594421,52.40590539],[13.34606515,52.40583131],[13.34616399,52.40577079],[13.3469306,52.40530224],[13.34693635,52.40529876],[13.34748882,52.40496204],[13.34790823,52.40470373],[13.34803503,52.40461988],[13.34812998,52.40455869],[13.34836824,52.40440512],[13.34854289,52.4042944],[13.34872026,52.40418173],[13.34890266,52.40406588],[13.34908635,52.40394922],[13.34912383,52.40392181],[13.34928309,52.40382363],[13.3494805,52.40370193],[13.34973153,52.40355423],[13.34996845,52.40341166],[13.35034745,52.40318362],[13.35039963,52.40315223],[13.35041164,52.40314539],[13.35083176,52.40290304],[13.35093397,52.40285326],[13.35143257,52.40261021],[13.35148151,52.40258689],[13.35153315,52.40256173],[13.35198422,52.40234786],[13.35226448,52.40221413],[13.35236161,52.40216809],[13.35253068,52.40208761],[13.35265466,52.4020178],[13.3527355,52.40197226],[13.3528981,52.40187592],[13.35308401,52.40176573],[13.35317426,52.40171238],[13.35358794,52.40146754],[13.35360103,52.40145898],[13.35376826,52.40136024],[13.35392537,52.40126534],[13.35407795,52.40117352],[13.35425,52.40107043],[13.35441492,52.40097141],[13.35442497,52.40096523],[13.35458321,52.40089122],[13.35488407,52.40075051],[13.35506417,52.40066628],[13.35508279,52.40065765],[13.35529103,52.40056126],[13.3554707,52.40047809],[13.35565409,52.4003932],[13.35583866,52.40030776],[13.35601417,52.40022651],[13.35621194,52.40013495],[13.35637911,52.40005757],[13.35638307,52.40005566],[13.35656019,52.39996965],[13.35674016,52.39988226],[13.35692713,52.39979148],[13.35710961,52.39970287],[13.35728827,52.39961612],[13.35732337,52.39959908],[13.35746032,52.39952713],[13.3576282,52.39943654],[13.35775462,52.39936838],[13.35780895,52.39933824],[13.35798074,52.39924127],[13.35815376,52.39914361],[13.35832668,52.39904599],[13.35849628,52.39895025],[13.35866448,52.3988553],[13.35883374,52.39875975],[13.35888279,52.39873287],[13.35899017,52.39867736],[13.35913651,52.39859688],[13.35930929,52.39850186],[13.35936611,52.39847033],[13.35950484,52.39841489],[13.35956021,52.39839273],[13.35991071,52.3982527],[13.35995519,52.39823491],[13.36027231,52.3981232],[13.36061535,52.39800239],[13.36076383,52.39793909],[13.36120127,52.39775361],[13.36140747,52.39766627],[13.36243925,52.39722176],[13.36328436,52.3969607],[13.36422098,52.39667718],[13.36567594,52.39613572],[13.36687866,52.39568732],[13.36834119,52.39514243],[13.37015379,52.39446724],[13.37195088,52.39379749],[13.37193115,52.39373067],[13.37153894,52.39240447],[13.37128526,52.39156087],[13.37100425,52.39062421],[13.37070305,52.38959718],[13.37051745,52.38897517],[13.37035523,52.38842725],[13.37092785,52.38841582],[13.37321544,52.38830257],[13.37515078,52.38819329],[13.37677194,52.38816079],[13.37785043,52.38814626],[13.37870168,52.38815749],[13.37877584,52.38816088],[13.38029934,52.38823083],[13.38062108,52.38824552],[13.38093165,52.38826001],[13.38121462,52.38827174],[13.38145634,52.38828177],[13.38238881,52.38832037],[13.38277002,52.38833652],[13.38342628,52.38836411],[13.38510368,52.38844439],[13.38617661,52.38850463],[13.38665868,52.38853167],[13.38730017,52.3885744],[13.38735698,52.38826702],[13.38738614,52.38808938],[13.38741721,52.38788784],[13.38744547,52.38768371],[13.38748225,52.38745555],[13.38751583,52.38721911],[13.38755013,52.38700823],[13.38758531,52.38677433],[13.38761398,52.38660479],[13.38764973,52.38637659],[13.38769188,52.38610591],[13.3877206,52.38592615],[13.3877489,52.38574637],[13.38777719,52.38556652],[13.38780547,52.38538675],[13.38783392,52.3852069],[13.3878622,52.38502704],[13.38789034,52.384847],[13.38791913,52.38465815],[13.38796723,52.38434327],[13.38797956,52.38426215],[13.38798851,52.38418147],[13.38803483,52.3837634],[13.38806818,52.38346241],[13.38807219,52.38342612],[13.38810724,52.38311012],[13.38811634,52.38302809],[13.38812545,52.38294606],[13.38813455,52.38286412],[13.3881449,52.38277086],[13.38815571,52.38267292],[13.38816126,52.38262333],[13.38817083,52.38253645],[13.38819893,52.38228272],[13.38820279,52.38224885],[13.38822501,52.38213072],[13.38822443,52.38212946],[13.38813995,52.38188844],[13.38808498,52.38173216],[13.3881589,52.38139499],[13.38824095,52.38102977],[13.38823344,52.3807341],[13.38813893,52.38030456],[13.38809641,52.37998903],[13.38810012,52.37960719],[13.38809013,52.37935998],[13.38812485,52.37911943],[13.38823903,52.37878348],[13.38831381,52.37845976],[13.38843197,52.37786211],[13.3884763,52.37786053],[13.38951845,52.3778234],[13.38962363,52.37782161],[13.3897198,52.37781815],[13.39017906,52.37780313],[13.39068407,52.37778641],[13.3911951,52.37776983],[13.39169425,52.3777535],[13.39171332,52.37775282],[13.39220982,52.37773343],[13.39320318,52.37769524],[13.39382186,52.37767121],[13.39446677,52.3776439],[13.39508944,52.37761208],[13.39512704,52.37761017],[13.39516732,52.3776561],[13.39527969,52.37765192],[13.3954194,52.37764672],[13.39711866,52.37758355],[13.39825272,52.37749825],[13.39825416,52.37749814],[13.39829509,52.37749504],[13.39841702,52.37748585],[13.39847377,52.37748156],[13.39955108,52.37740188],[13.40049399,52.37734862],[13.4004958,52.37734852],[13.40071959,52.37733391],[13.40072006,52.37733388],[13.40238442,52.37717343],[13.40401856,52.37699624],[13.40413474,52.37698603],[13.4047225,52.37694223],[13.40611622,52.37690848],[13.40718481,52.37684878],[13.40822299,52.37673539],[13.40910469,52.37663569],[13.40988856,52.37658541],[13.41068617,52.37665623],[13.41105565,52.37670284],[13.41154547,52.37674751],[13.41180924,52.37677923],[13.41283471,52.37687788],[13.41283065,52.37686798],[13.4126427,52.37641029],[13.41523222,52.37632457],[13.41625849,52.37629053],[13.41673435,52.37627494],[13.41714351,52.37626147],[13.41764226,52.3762451],[13.41770761,52.37624287],[13.41772583,52.37624237],[13.41776049,52.37624117],[13.41802244,52.37623251],[13.41803866,52.37623143],[13.4180952,52.37622958],[13.41816142,52.37622795],[13.4182079,52.37622641],[13.41899311,52.37620039],[13.41912138,52.37619606],[13.41918413,52.37619398],[13.41931228,52.37618973],[13.41937606,52.37618762],[13.41951213,52.3761831],[13.41989319,52.37617045],[13.4200394,52.3761656],[13.42081296,52.37613993],[13.42100022,52.37644665],[13.42102744,52.37649166],[13.42110668,52.37662275],[13.42138182,52.37704563],[13.42151833,52.37724798],[13.42165191,52.37744601],[13.42178097,52.37764026],[13.42190785,52.37783028],[13.42203108,52.37801625],[13.42228551,52.37837841],[13.42327254,52.37978891],[13.42344446,52.38003361],[13.4236121,52.38027231],[13.42377623,52.38050912],[13.42393597,52.38073964],[13.42409209,52.38096485],[13.42443645,52.38144928],[13.42449202,52.38152803],[13.42455539,52.38161681],[13.42459395,52.38167189],[13.42464252,52.38174223],[13.42467111,52.38178207],[13.42467983,52.38179533],[13.42474831,52.38189233],[13.42478683,52.38194735],[13.4249041,52.38211483],[13.42501965,52.38227984],[13.42512953,52.38243676],[13.42523775,52.38259101],[13.42534645,52.38274626],[13.42539193,52.38281121],[13.42545649,52.38290343],[13.42557345,52.38307067],[13.42567986,52.38322302],[13.42578541,52.38337438],[13.42588974,52.38352347],[13.42600431,52.38368728],[13.42612152,52.38385518],[13.42623778,52.3840217],[13.42635067,52.38418346],[13.4264103,52.38426755],[13.4264673,52.38435067],[13.42658293,52.38451612],[13.42669844,52.38468161],[13.42684827,52.38489992],[13.42686193,52.38491914],[13.42687289,52.38493455],[13.42688158,52.38494675],[13.42690477,52.38497672],[13.42694558,52.38503836],[13.42696648,52.38506994],[13.42715183,52.38534004],[13.42733409,52.38559942],[13.42745669,52.38578165],[13.4274457,52.38617607],[13.42743407,52.38629036],[13.42742234,52.3864113],[13.42741769,52.38643475],[13.42734206,52.38667299],[13.4272844,52.38685209],[13.42723008,52.38702701],[13.42717603,52.38720311],[13.42712577,52.38737966],[13.42709932,52.38746823],[13.42707275,52.38755746],[13.42701805,52.38773449],[13.42698423,52.38784354],[13.42694907,52.38791807],[13.42686854,52.38809138],[13.42680594,52.38822589],[13.4266913,52.3884723],[13.42666234,52.38853982],[13.42665055,52.3885688],[13.42662938,52.38862082],[13.42662465,52.38863245],[13.42660064,52.38869148],[13.42649286,52.38895636],[13.42642885,52.38911361],[13.42636419,52.38927251],[13.42629993,52.38943044],[13.42623551,52.38958872],[13.42617158,52.38974582],[13.42610032,52.38992092],[13.42602921,52.3900957],[13.42601581,52.39012861],[13.42595709,52.39027289],[13.42583082,52.39058316],[13.42530303,52.39175574],[13.42522582,52.39193167],[13.4251585,52.39207683],[13.42505255,52.39231221],[13.42477766,52.39292285],[13.42416854,52.39427164],[13.42385934,52.39495625],[13.42379918,52.39508739],[13.423777,52.39513629],[13.42376531,52.39516207],[13.4236758,52.39535754],[13.42364093,52.39543441],[13.42360501,52.39551361],[13.42352796,52.39568221],[13.42344136,52.39587277],[13.42335449,52.39606337],[13.42326762,52.39625395],[13.42318077,52.39644454],[13.42309391,52.39663514],[13.42300704,52.39682573],[13.42292018,52.39701631],[13.42288524,52.39709314],[13.4228337,52.39720597],[13.42281015,52.39725755],[13.42274642,52.39739761],[13.42264456,52.39762101],[13.42262126,52.39767952],[13.42258389,52.3977525],[13.42243637,52.39807675],[13.4223494,52.39826728],[13.42226404,52.39845635],[13.42217703,52.39864691],[13.42209067,52.3988361],[13.42200131,52.39903183],[13.42191404,52.39922299],[13.42182807,52.39941123],[13.42174984,52.39958211],[13.42172134,52.39964452],[13.42169122,52.39971052],[13.42166109,52.39977652],[13.42152884,52.40006557],[13.4214423,52.40025603],[13.42139881,52.40035157],[13.42135532,52.4004472],[13.42126848,52.40063829],[13.4211821,52.40082847],[13.42108843,52.40103474],[13.42100871,52.40120894],[13.42078851,52.4017075],[13.42051037,52.40233752],[13.42042707,52.40252646],[13.42038951,52.40261168],[13.42036945,52.40265711],[13.42034941,52.40270246],[13.42034406,52.40271432],[13.42032935,52.4027479],[13.42029891,52.40281687],[13.42026847,52.40288592],[13.4202612,52.40290227],[13.42024842,52.40293127],[13.42024148,52.40294687],[13.42022838,52.40297671],[13.42020834,52.40302205],[13.42017818,52.40309012],[13.42017046,52.40310772],[13.42005623,52.40336716],[13.4198901,52.40374259],[13.4198642,52.40380113],[13.41968192,52.40421233],[13.41966276,52.40425571],[13.41961715,52.40435824],[13.4195267,52.40456253],[13.41945943,52.40471447],[13.41939216,52.4048664],[13.4193148,52.40503935],[13.41930533,52.40506104],[13.41926754,52.40514763],[13.41925731,52.40517108],[13.41913286,52.40545386],[13.41904893,52.40564486],[13.41896487,52.40583604],[13.4188808,52.40602713],[13.41879674,52.40621822],[13.41878024,52.40625571],[13.41871266,52.40640931],[13.4186286,52.4066004],[13.41854467,52.40679149],[13.41846061,52.40698258],[13.41841857,52.40707812],[13.41840341,52.40717794],[13.41837975,52.40733408],[13.41834988,52.4075312],[13.41831999,52.40772786],[13.41828907,52.40793108],[13.41829611,52.40799401],[13.4184106,52.40876877],[13.41845337,52.40906882],[13.41846657,52.40914775],[13.41848122,52.40925256],[13.41849239,52.40928295],[13.41855769,52.40946083],[13.41862282,52.40963879],[13.41868811,52.40981674],[13.4187476,52.40997907],[13.41915669,52.41007935],[13.41958354,52.41018408],[13.4208099,52.41036497],[13.42102165,52.41040164],[13.42117068,52.41042742],[13.42146818,52.4104789],[13.42177844,52.41053264],[13.423119,52.41084212],[13.42469558,52.41125444],[13.42556464,52.41142477],[13.42777175,52.41185725],[13.42795366,52.41189296],[13.42919849,52.41209792],[13.43033266,52.41228508],[13.43035265,52.41225384],[13.43193206,52.412515],[13.43236869,52.41264701],[13.43336673,52.41294872],[13.43421549,52.41320524],[13.43535701,52.41356485],[13.43610426,52.413752],[13.43662539,52.41388827],[13.43730994,52.41406739],[13.43840268,52.41435334],[13.43861193,52.41440799],[13.4386734,52.41442398],[13.43888507,52.41444953],[13.43891434,52.41445296],[13.43959903,52.41459945],[13.43985116,52.41465333],[13.43987802,52.41465912],[13.439988,52.41468346],[13.44026404,52.41474447],[13.44061232,52.4148215],[13.4407609,52.41486064],[13.44084076,52.4148817],[13.44129029,52.41500014],[13.44156671,52.415073],[13.4415962,52.41508238],[13.44196888,52.41519568],[13.44251831,52.41536359],[13.44307771,52.4155344],[13.44323517,52.41559305],[13.44380019,52.4157538],[13.44399382,52.41580892],[13.4440684,52.41583016],[13.4456609,52.41628437],[13.44572813,52.41630361],[13.44600103,52.4163814],[13.44705556,52.41668512],[13.44724791,52.41679175],[13.44739924,52.41688059],[13.44751084,52.41693899],[13.44760807,52.41699342],[13.44782161,52.41711301],[13.44790326,52.41715877],[13.44815702,52.41725064],[13.44839187,52.41732858],[13.4484661,52.41735321],[13.44859163,52.4173949],[13.44939892,52.41766277],[13.44949991,52.41769642],[13.44950883,52.4176979],[13.4500458,52.41787077],[13.4504099,52.41798791],[13.45077222,52.41810461],[13.45095419,52.41816298],[13.45096897,52.41816775],[13.45136912,52.41829586],[13.45193345,52.41847649],[13.45197283,52.41848962],[13.45250986,52.41868984],[13.45251161,52.41869049],[13.45259694,52.4187223],[13.45287356,52.41882542],[13.45303836,52.41888686],[13.45319909,52.41894678],[13.45320458,52.41894883],[13.45323838,52.41896143],[13.45337201,52.41900696],[13.4535401,52.41906422],[13.4537088,52.41912168],[13.45387816,52.41917938],[13.45404867,52.41923747],[13.45421867,52.41929538],[13.45438971,52.41935364],[13.45459568,52.4194238],[13.45468537,52.41945436],[13.45632609,52.41986393],[13.45701161,52.42003825],[13.45722341,52.42009348],[13.45769146,52.42019764],[13.45798952,52.42026319],[13.45818282,52.42031003],[13.45889967,52.4204722],[13.45894732,52.42048183],[13.45946021,52.42056986],[13.46079952,52.42073809],[13.46089384,52.42074991],[13.46146581,52.42082179],[13.46207319,52.42089138],[13.46270891,52.42097288],[13.46335698,52.42105601],[13.46354768,52.42108044],[13.46367513,52.42105048],[13.46445729,52.42086656],[13.46534809,52.4206565],[13.46631962,52.42042857],[13.46714949,52.42023199],[13.46801801,52.42003284],[13.46803669,52.41998955],[13.46804752,52.41995964],[13.46826304,52.41949963],[13.46838772,52.41920342],[13.46842728,52.41911415],[13.46845886,52.41903897],[13.46848702,52.41897196],[13.46853357,52.41886131],[13.46858813,52.41873233],[13.46865601,52.41857138],[13.46878112,52.41827472],[13.46879504,52.41824778],[13.46882301,52.41819398],[13.46884166,52.41815806],[13.46886016,52.41812205],[13.46919315,52.41747861],[13.46926064,52.41734812],[13.46933494,52.41720443],[13.46940153,52.41707592],[13.46946798,52.41694732],[13.46951415,52.41685814],[13.46953575,52.41681916],[13.46960632,52.41669138],[13.46967673,52.41656386],[13.46974759,52.41643617],[13.46981903,52.41630677],[13.46989255,52.41617395],[13.46997095,52.41603189],[13.47004935,52.41589],[13.47012775,52.41574829],[13.47019372,52.41562886],[13.47032359,52.41539474],[13.47045715,52.41515183],[13.47052402,52.41503096],[13.47052742,52.41502413],[13.47059225,52.41489508],[13.47065694,52.41476612],[13.47072176,52.41463707],[13.4707863,52.41450837],[13.47085097,52.41437941],[13.47091564,52.41425044],[13.47098062,52.41412157],[13.47101066,52.41406212],[13.47105131,52.41399423],[13.47112716,52.41386735],[13.47120286,52.41374073],[13.47127855,52.41361413],[13.4713946,52.41341998],[13.4715105,52.41322602],[13.47166394,52.41296938],[13.47179387,52.41275252],[13.47190518,52.41256646],[13.471964,52.41247641],[13.47212844,52.41222481],[13.47222978,52.41206931],[13.47233147,52.41191325],[13.47260405,52.41149581],[13.47264114,52.41143897],[13.47269432,52.41135762],[13.47271147,52.41132978],[13.47277902,52.41122042],[13.47284671,52.41111069],[13.4729197,52.41099252],[13.47293257,52.4109715],[13.47300691,52.41085109],[13.47309409,52.41070984],[13.47312411,52.41066117],[13.47317381,52.41056697],[13.4732494,52.41042373],[13.47331921,52.41029153],[13.473388,52.41016114],[13.47345576,52.41003272],[13.47354657,52.40986163],[13.4736614,52.40964446],[13.47390985,52.40917394],[13.47391859,52.409158],[13.47392146,52.40915196],[13.47400525,52.40899333],[13.47409479,52.40882758],[13.47410403,52.40881049],[13.47411519,52.40878981],[13.47416809,52.40865005],[13.47418168,52.40863219],[13.47430072,52.4084588],[13.47440691,52.40830419],[13.47449625,52.4081739],[13.47458118,52.40805009],[13.47472768,52.40783442],[13.47486459,52.40763482],[13.47499042,52.40745157],[13.4751102,52.40727684],[13.47522465,52.40711028],[13.47533304,52.40695217],[13.47543745,52.40679997],[13.47553861,52.40665272],[13.47563578,52.40651113],[13.47572985,52.40637393],[13.47581979,52.40624005],[13.47590214,52.4060908],[13.47598273,52.40594523],[13.47630095,52.40526902],[13.47643522,52.40501972],[13.47664091,52.40467633],[13.47670247,52.40459121],[13.47670913,52.40457837],[13.47677939,52.40444168],[13.47682098,52.40430901],[13.47684641,52.40425934],[13.4769392,52.40411055],[13.47694141,52.40410695],[13.47701121,52.40401943],[13.47703422,52.40399241],[13.47720921,52.40381918],[13.47722765,52.40380042],[13.47732287,52.40370969],[13.47747132,52.40356833],[13.4774931,52.40355461],[13.4775102,52.40354384],[13.47752522,52.40352958],[13.47753672,52.40351872],[13.47756133,52.4034953],[13.47760989,52.4034294],[13.47764051,52.40332474],[13.47763567,52.40323729],[13.47760528,52.40305554],[13.47760801,52.4027179],[13.47765393,52.40265388],[13.47792127,52.40205221],[13.47812619,52.401591],[13.47829699,52.40126589],[13.47836158,52.40116134],[13.47846983,52.40098608],[13.47861903,52.40074453],[13.4787766,52.4004168],[13.47890193,52.40010584],[13.47895216,52.39998027],[13.47898184,52.39984649],[13.47905437,52.39919918],[13.47917265,52.39857888],[13.47917729,52.39855571],[13.47922291,52.39835707],[13.47935278,52.39778226],[13.47955392,52.39689445],[13.47975981,52.39594517],[13.48128259,52.39636142],[13.48354751,52.39693701],[13.48439386,52.3970704],[13.48563757,52.39726636],[13.48647767,52.39741591],[13.48674266,52.39745074],[13.48775934,52.39752616],[13.48788622,52.3975354],[13.48876857,52.3976067],[13.4888838,52.39761601],[13.48920099,52.39764292],[13.49005599,52.39771551],[13.49055933,52.39775814],[13.49090571,52.39782828],[13.49112488,52.39787266],[13.4920735,52.39806408],[13.49216965,52.39808159],[13.49284687,52.39820515],[13.49291132,52.39821682],[13.49431176,52.39844468],[13.49502932,52.39856858],[13.49589717,52.39865212],[13.49614191,52.39867667],[13.49624605,52.39868659],[13.49743502,52.39880046],[13.49748905,52.39880604],[13.49754354,52.39881123],[13.49757476,52.39881634],[13.49757511,52.39881639],[13.49916707,52.39907684],[13.50069414,52.39932642],[13.50070926,52.39932887],[13.50092515,52.39935461],[13.50098377,52.39936133],[13.50226858,52.39950818],[13.50319184,52.399611],[13.50394513,52.39969488],[13.5048966,52.39980653],[13.50574547,52.39990613],[13.50608019,52.39995564],[13.50697684,52.40008832],[13.50757122,52.40017625],[13.50816854,52.40026464],[13.50893885,52.40037983],[13.50912196,52.40040722],[13.50932209,52.4004403],[13.50960423,52.40048696],[13.51009885,52.40056896],[13.51044692,52.40062088],[13.51169013,52.40080696],[13.51174637,52.40081708],[13.51302546,52.40104666],[13.51354149,52.40115195],[13.51369292,52.40118339],[13.51370337,52.40118552],[13.51372724,52.40118978],[13.51385348,52.40121616],[13.51388078,52.40122173],[13.51403784,52.40126039],[13.51406281,52.40126782],[13.51409739,52.40127775],[13.51410448,52.40127979],[13.51463994,52.4014334],[13.51487954,52.40149482],[13.51512443,52.40156172],[13.51536817,52.40162441],[13.51561233,52.40168721],[13.51585682,52.40175013],[13.5160032,52.40178774],[13.51633483,52.40172146],[13.51643992,52.4016999],[13.51648315,52.40168825],[13.51686139,52.40160712],[13.51713925,52.40154864],[13.51734507,52.40148944],[13.51739482,52.40146954],[13.51763011,52.40139672],[13.51786643,52.40132357],[13.51810686,52.40125462],[13.51859929,52.40110077],[13.51862722,52.40109245],[13.51909921,52.40101093],[13.5196488,52.40092138],[13.51978802,52.40089919],[13.51986382,52.40088667],[13.5198983,52.40088095],[13.51994776,52.40087277],[13.52011445,52.40084559],[13.52034223,52.40080847],[13.52035637,52.40080613],[13.52037684,52.40080285],[13.52044087,52.40079246],[13.52058589,52.40076881],[13.52082779,52.40072935],[13.52084225,52.40072698],[13.52086375,52.40072485],[13.52088658,52.40072258],[13.52089455,52.40072179],[13.52101012,52.40071054],[13.52103684,52.40070768],[13.52104541,52.40070681],[13.52105272,52.40070608],[13.52107229,52.40070256],[13.52109406,52.40069862],[13.52113981,52.40069035],[13.52127584,52.40066572],[13.52130959,52.40065961],[13.52148004,52.40062878],[13.52179753,52.40057134],[13.52218632,52.40037579],[13.52229748,52.40031986],[13.52241361,52.40026143],[13.52244395,52.40024618],[13.52248976,52.4002231],[13.52263017,52.40015246],[13.52281839,52.4000577],[13.52305061,52.39996992],[13.52306602,52.39996412],[13.52350099,52.39979957],[13.52356984,52.39977357],[13.52369235,52.39972719],[13.52396467,52.39962428],[13.52460083,52.39938362],[13.52522705,52.39922666],[13.52527961,52.39921348],[13.52528791,52.3992114],[13.52536098,52.39919309],[13.52540519,52.39918204],[13.52581726,52.39907875],[13.52638802,52.39893565],[13.5265885,52.39883653],[13.52678877,52.39873765],[13.52698996,52.39863801],[13.52718847,52.39853984],[13.52732787,52.39847091],[13.52738357,52.39844337],[13.52765083,52.39831122],[13.52777258,52.39825101],[13.52778206,52.39824629],[13.52779823,52.39823822],[13.5278325,52.39822136],[13.52796679,52.39815497],[13.52816081,52.39805904],[13.52835476,52.39796312],[13.52854346,52.39786982],[13.52873229,52.39777626],[13.5289204,52.39768295],[13.52903294,52.39762776],[13.52910996,52.39758967],[13.52932602,52.39748282],[13.52938599,52.39745316],[13.52940856,52.39744202],[13.52969255,52.39730157],[13.52988861,52.39738314],[13.53016809,52.39749346],[13.53038166,52.39757767],[13.53054591,52.3976425],[13.53062415,52.39767339],[13.53077403,52.39773012],[13.53099289,52.39781289],[13.53114555,52.39787062],[13.53133843,52.39794554],[13.53134782,52.39794915],[13.5314773,52.39800057],[13.53154408,52.3980274],[13.53164669,52.39806873],[13.53173564,52.39810286],[13.53193367,52.39817878],[13.53213007,52.39825631],[13.53223135,52.39829629],[13.53234365,52.3983406],[13.5325697,52.39842993],[13.53284817,52.39853979],[13.53286431,52.39854618],[13.53287225,52.39854929],[13.53292597,52.3985704],[13.53346705,52.39878336],[13.53368709,52.39886999],[13.53382378,52.39891377],[13.53413022,52.39900082],[13.53452489,52.39911284],[13.53485496,52.39920656],[13.53506214,52.3992619],[13.53537412,52.39936728],[13.53557467,52.39943609],[13.53600055,52.39959657],[13.53640339,52.39975117],[13.53647356,52.3997781],[13.53648568,52.39978274],[13.53658283,52.39981994],[13.53682768,52.39991369],[13.53687946,52.39993352],[13.53699306,52.39997869],[13.53701262,52.39998646],[13.53705698,52.3999874],[13.53726731,52.40008632],[13.53753122,52.40020995],[13.53775945,52.40031724],[13.53779562,52.40033424],[13.53811095,52.40048248],[13.53814129,52.40049674],[13.53819217,52.40052065],[13.53830261,52.40057257],[13.53836191,52.40060044],[13.53843184,52.40063331],[13.53839842,52.4005392],[13.53836878,52.40045102],[13.53832964,52.40033471],[13.53823494,52.40005292],[13.53820973,52.39997784],[13.53818737,52.39994556],[13.53818421,52.39994094],[13.53813826,52.39987384],[13.53812417,52.39985369],[13.53811818,52.39984512],[13.53810572,52.39982759],[13.53801871,52.39970583],[13.53791745,52.39956405],[13.53776876,52.3993559],[13.53765492,52.39919666],[13.53764539,52.39918344],[13.53750871,52.39899264],[13.53746226,52.39892682],[13.53741085,52.3988548],[13.53735828,52.39876507],[13.53724352,52.39855506],[13.53708543,52.39826988],[13.53707533,52.39825172],[13.53720976,52.39803722],[13.53693868,52.3979732],[13.5363056,52.3978233],[13.53636683,52.39772567],[13.53652938,52.39747548],[13.53669269,52.39721019],[13.5366036,52.39702836],[13.53659438,52.39701029],[13.53654185,52.39690313],[13.53648787,52.39679336],[13.53640711,52.39662884],[13.53640506,52.39662434],[13.53634131,52.39651399],[13.53623721,52.39633175],[13.53613808,52.39615821],[13.53607969,52.39605578],[13.53591892,52.39577796],[13.53582991,52.39561833],[13.53573041,52.39528895],[13.53572628,52.39526571],[13.53571369,52.39522451],[13.53565472,52.39502486],[13.53565078,52.39501138],[13.53562743,52.39493632],[13.53560117,52.39484697],[13.53557558,52.39474754],[13.5354447,52.39428661],[13.53539352,52.39410315],[13.53538652,52.39407839],[13.53537038,52.39402061],[13.53536682,52.39400788],[13.53523252,52.39368293],[13.53515163,52.3935067],[13.5351107,52.39333978],[13.53510298,52.39330815],[13.5350858,52.3931886],[13.53508065,52.39315272],[13.5350239,52.39275751],[13.53498409,52.39247966],[13.53496599,52.39235383],[13.5349531,52.39226423],[13.53494456,52.39220491],[13.53493067,52.39210784],[13.53490185,52.39190732],[13.5348402,52.39145758],[13.53483408,52.39143564],[13.53483341,52.39138837],[13.53482652,52.3909039],[13.53482459,52.39077224],[13.53489091,52.39059517],[13.53501655,52.39026009],[13.53505516,52.3901571],[13.53508337,52.39008163],[13.53509724,52.3900448],[13.53535912,52.3893462],[13.53539309,52.38925528],[13.53549219,52.38899096],[13.53665317,52.38896056],[13.53689927,52.38895412],[13.53723036,52.38894547],[13.54174635,52.38882713],[13.54188237,52.38882354],[13.54207742,52.38881846],[13.54210372,52.38881776],[13.5427208,52.38880158],[13.54416928,52.38876351],[13.54441782,52.38875613],[13.54537319,52.38873226],[13.54591095,52.3887178],[13.54700851,52.3886782],[13.54745007,52.38866232],[13.5487829,52.3886142],[13.54941254,52.38859146],[13.55065008,52.38854678],[13.55163279,52.38851129],[13.55335188,52.3884207],[13.55368342,52.3884032],[13.55394768,52.38838935],[13.55400629,52.3883874],[13.55435435,52.3883763],[13.55577449,52.38833102],[13.55694274,52.38829375],[13.55835124,52.38824882],[13.55864943,52.38823947],[13.55879659,52.38823478],[13.55885507,52.38823283],[13.55894288,52.38822981],[13.55947717,52.38821315],[13.559559,52.38821068],[13.55982475,52.3882026],[13.56008873,52.38819456],[13.56035271,52.38818653],[13.56061669,52.38817847],[13.56070121,52.3881759],[13.560844,52.38817155],[13.56113988,52.38816637],[13.56148521,52.38816018],[13.56155911,52.38815876],[13.56182416,52.38815402],[13.56213598,52.38814845],[13.56245742,52.38814391],[13.56267705,52.38814048],[13.56270287,52.38814008],[13.56275677,52.38813925],[13.56295257,52.38813623],[13.56321695,52.38813214],[13.56327563,52.38813123],[13.56335848,52.38812996],[13.56348223,52.38813079],[13.56374707,52.38813256],[13.5639579,52.38813479],[13.56399343,52.38813489],[13.56415904,52.38813535],[13.56418687,52.3881404],[13.56438913,52.38817714],[13.56443264,52.38818504],[13.56466211,52.38822535],[13.56577422,52.38845069],[13.56646361,52.38855075],[13.56680334,52.38860005],[13.56689602,52.38861359],[13.56697718,52.38862541],[13.56713303,52.38865153],[13.56737541,52.38869215],[13.56762397,52.38872847],[13.56793211,52.38877844],[13.56802484,52.38879349],[13.56861128,52.38890997],[13.56929234,52.38904152],[13.56942833,52.38906926],[13.56971071,52.38912682],[13.56998707,52.38918313],[13.57026328,52.38923942],[13.57046593,52.389278],[13.57052682,52.38929042],[13.57055793,52.38929648],[13.57058814,52.38930293],[13.5707194,52.38932971],[13.57080853,52.38934789],[13.57082145,52.38935076],[13.57166184,52.389537],[13.57197637,52.38960913],[13.57218644,52.38965482],[13.57226272,52.38967226],[13.57230448,52.38968103],[13.57254967,52.38973548],[13.57283615,52.38979909],[13.57287025,52.38980667],[13.57313537,52.38986112],[13.57340713,52.38991692],[13.57343493,52.38992263],[13.57373444,52.38998417],[13.57403341,52.39004583],[13.57434223,52.39010942],[13.57437117,52.39011536],[13.57451114,52.39012962],[13.57472513,52.39015147],[13.57505893,52.39018527],[13.57539205,52.39021942],[13.57561132,52.39024189],[13.57588875,52.39028345],[13.57661381,52.39039375],[13.5766922,52.39040578],[13.57689796,52.39043827],[13.57718262,52.39048341],[13.57753798,52.39053977],[13.57756796,52.39054459],[13.57783069,52.39059044],[13.57809417,52.39063639],[13.57837527,52.39068486],[13.57865782,52.39073359],[13.57873983,52.3907476],[13.57894087,52.39078194],[13.57925392,52.39083027],[13.5795818,52.39088064],[13.57993809,52.39093545],[13.58006774,52.39095707],[13.58019737,52.39097868],[13.58054757,52.39103708],[13.58067235,52.3910579],[13.58086856,52.3910906],[13.58111779,52.39113195],[13.58133207,52.39116744],[13.58163682,52.39121142],[13.58165906,52.39121491],[13.58194916,52.39127235],[13.58225885,52.39133367],[13.58256575,52.39139443],[13.58289613,52.39145907],[13.58304705,52.39149021],[13.58347907,52.39157955],[13.583813,52.39164856],[13.58413318,52.39171494],[13.5844392,52.39177885],[13.58474522,52.39184277],[13.58505124,52.39190669],[13.5850583,52.39190824],[13.58507399,52.39191169],[13.5851522,52.39192899],[13.58523438,52.39194716],[13.58532858,52.39196799],[13.58599847,52.39211608],[13.5864931,52.39222541],[13.58732489,52.39240604],[13.58782801,52.39251527],[13.58801117,52.39257073],[13.5882682,52.39264854],[13.58995128,52.39315808],[13.59030288,52.39326452],[13.59060835,52.39335699],[13.59159739,52.39357425],[13.59170982,52.39359819],[13.59209169,52.39368143],[13.59242142,52.39375333],[13.59269519,52.39381299],[13.59276258,52.3937848],[13.59285746,52.39368722],[13.59288459,52.39366061],[13.59295154,52.39359492],[13.59300093,52.39355605],[13.59333092,52.39329652],[13.59358541,52.39301585],[13.59409078,52.39255129],[13.59414109,52.39244184],[13.5942311,52.39211763],[13.59399173,52.39163401],[13.59397081,52.39152603],[13.59391109,52.39121767],[13.59390137,52.39116748],[13.59385356,52.39083834],[13.59370076,52.39049112],[13.5936515,52.39023178],[13.59365343,52.39021046],[13.59365488,52.39019441],[13.59367609,52.38995954],[13.59388364,52.38967635],[13.59404628,52.38952959],[13.59425254,52.38906278],[13.59430886,52.38893487],[13.59431535,52.38892011],[13.59467036,52.38897977],[13.59501863,52.38894352],[13.59520347,52.38874419],[13.59527641,52.38847766],[13.5952492,52.38815968],[13.59490668,52.3875554],[13.59496533,52.38720989],[13.59534225,52.38678907],[13.59568672,52.38644046],[13.59588232,52.38623897],[13.59599424,52.38613221],[13.59603927,52.38607937],[13.59611988,52.38598471],[13.59715579,52.385736],[13.5982803,52.38551329],[13.59876343,52.38543847],[13.59897866,52.38540597],[13.59926166,52.38542653],[13.59938312,52.38540515],[13.59952884,52.38528137],[13.59973283,52.38501414],[13.60031685,52.3845078],[13.60047447,52.38431715],[13.60074883,52.38415502],[13.60100302,52.38404778],[13.6013832,52.38393848],[13.60168171,52.38374154],[13.60191222,52.38355752],[13.60214589,52.38341095],[13.60247939,52.38319385],[13.60300326,52.38284122],[13.60319423,52.38238585],[13.60345782,52.38196334],[13.60371844,52.38166589],[13.60415228,52.38141271],[13.60439451,52.38127056],[13.60485916,52.38094425],[13.60543269,52.38037652],[13.60595078,52.37972496],[13.60636166,52.37914223],[13.60639778,52.37911789],[13.60638174,52.37900625],[13.60637908,52.37898788],[13.60636394,52.37888291],[13.60632603,52.37860615],[13.6056937,52.37813902],[13.60547213,52.37797338],[13.60571046,52.37769464],[13.60650794,52.37675469],[13.60653014,52.37669601],[13.60664025,52.37643263],[13.60680855,52.37602843],[13.60677256,52.37551495],[13.60676935,52.37546919],[13.60676684,52.37541059],[13.60671001,52.37526578],[13.60665181,52.37511117],[13.60663617,52.37505775],[13.6066242,52.37503106],[13.60660742,52.37499367],[13.60659369,52.37494408],[13.60657999,52.37492483],[13.60650462,52.37479339],[13.60645241,52.37470416],[13.60643262,52.37467034],[13.6064134,52.37463753],[13.60634201,52.37451274],[13.60630376,52.37444477],[13.6062083,52.37427869],[13.60617966,52.37423343],[13.60605195,52.37402516],[13.60602548,52.37397466],[13.60598314,52.37390913],[13.60595257,52.37385017],[13.60587721,52.37373118],[13.60581976,52.37362358],[13.60617033,52.37370281],[13.60736459,52.37397811],[13.60740116,52.37399074],[13.60921319,52.37461007],[13.60978384,52.37482259],[13.61001885,52.37490603],[13.61114426,52.37530261],[13.6119324,52.37557225],[13.61197812,52.37558794],[13.61215703,52.37564926],[13.61248504,52.37576218],[13.61250852,52.37577026],[13.61286353,52.37589347],[13.61304809,52.3759575],[13.6131888,52.37600989],[13.6136092,52.37615118],[13.61431901,52.37639531],[13.6144535,52.37643898],[13.61510713,52.3766615],[13.61527677,52.37672262],[13.61688164,52.37727627],[13.61690471,52.37728419],[13.6169862,52.37731213],[13.61700985,52.37732024],[13.61841325,52.37781055],[13.61881673,52.37794896],[13.61887107,52.37796918],[13.61990757,52.37831502],[13.62029911,52.37845303],[13.62039835,52.37848327],[13.62154065,52.37890171],[13.62159005,52.37891607],[13.62206649,52.37908452],[13.62263116,52.37927893],[13.62270214,52.37930393],[13.62281338,52.37934069],[13.62283816,52.3793502],[13.62304022,52.37942282],[13.62307416,52.37943298],[13.62333511,52.37952573],[13.62359663,52.37961919],[13.62367946,52.37964832],[13.62369555,52.37965404],[13.62397727,52.3797541],[13.62421399,52.37983832],[13.62444953,52.37992099],[13.62445438,52.3799227],[13.62469609,52.38000979],[13.62478185,52.38004025],[13.62490477,52.38008411],[13.62520802,52.38019322],[13.62553807,52.38031192],[13.62587374,52.38043245],[13.6259054,52.38044382],[13.62593706,52.3804552],[13.62627298,52.38057581],[13.62657041,52.3806826],[13.62663652,52.38070634],[13.62680253,52.38076385],[13.62701964,52.38083906],[13.62708354,52.3808612],[13.62730066,52.38093642],[13.62755392,52.38102382],[13.62761797,52.38104598],[13.62806655,52.38120118],[13.62851373,52.38135588],[13.62856162,52.38130414],[13.62933887,52.38046366],[13.6293706,52.38042934],[13.62961837,52.38016136],[13.62967727,52.38009789],[13.62970643,52.38006649],[13.62984949,52.37991236],[13.63081757,52.37886593],[13.63173312,52.3778746],[13.63175614,52.37785093],[13.63182575,52.37777534],[13.63185692,52.37774008],[13.631934,52.37765711],[13.6319488,52.37764107],[13.6324635,52.37708438],[13.63317538,52.37629603],[13.633223,52.37624355],[13.63323883,52.37624563],[13.63328324,52.37625121],[13.6340324,52.37634999],[13.63441964,52.37640091],[13.63483334,52.37645531],[13.63502535,52.37648078],[13.63518255,52.37650163],[13.63590032,52.37659683],[13.63645211,52.37667002],[13.63683284,52.37672085],[13.6369178,52.3767322],[13.63700276,52.37674355],[13.63789264,52.37686235],[13.63806918,52.37688591],[13.63817956,52.37690072],[13.63846736,52.37693931],[13.63875433,52.3769778],[13.63906422,52.37701936],[13.63909736,52.3770238],[13.63937716,52.37706122],[13.64023261,52.37717563],[13.64051957,52.37721401],[13.64068955,52.37723675],[13.64077619,52.37724853],[13.64118444,52.37730405],[13.64162149,52.37736347],[13.64254486,52.37748904],[13.64267757,52.37750707],[13.64268453,52.37738758],[13.64268981,52.3773438],[13.64269652,52.37722108],[13.64270884,52.37700904],[13.64281174,52.37523882],[13.64281961,52.37508883],[13.64282078,52.37505495],[13.64282732,52.37487333],[13.64283025,52.37475664],[13.64283474,52.37468775],[13.64283673,52.37450208],[13.64284532,52.37438821],[13.64283857,52.37432038],[13.64284745,52.37413129],[13.64284871,52.37394661],[13.64284905,52.37382814],[13.64284293,52.37376957],[13.64284419,52.37362785],[13.6428437,52.37331557],[13.64284267,52.37265639],[13.64284279,52.37258341],[13.64283323,52.3725477],[13.6427397,52.37219804],[13.64270885,52.37208269],[13.64266371,52.37191428],[13.64253477,52.37143235],[13.64249567,52.37137664],[13.64244928,52.37131058],[13.64216165,52.37090074],[13.64209775,52.37081034],[13.64220727,52.37078174],[13.64226334,52.37076964],[13.64296893,52.37060255],[13.64327799,52.37052937],[13.64339182,52.37050242],[13.64348128,52.37048124],[13.6435381,52.37046721],[13.64683071,52.37015639],[13.64674266,52.369587],[13.64686614,52.36895341],[13.64706928,52.36852741],[13.64726475,52.36801917],[13.64718985,52.36702058],[13.64694483,52.36607872],[13.6466966,52.36576288],[13.64609903,52.36527454],[13.64473605,52.36480619],[13.64373936,52.36426911],[13.64168045,52.36332938],[13.64114412,52.36309669],[13.64113091,52.3630798],[13.64024098,52.36193337],[13.63986658,52.36169248],[13.63908515,52.36098125],[13.63898582,52.36064085],[13.63870814,52.3602434],[13.63843542,52.35973522],[13.63846566,52.35916204],[13.63871904,52.35875294],[13.63856242,52.35816397],[13.63830176,52.35774826],[13.63822723,52.35727134],[13.63813662,52.35709485],[13.63809348,52.35657129],[13.63796711,52.3530885],[13.63779315,52.34821344],[13.63670104,52.34814371],[13.63631847,52.34681667],[13.63643774,52.34644233],[13.63682453,52.34522776],[13.63716718,52.34473103],[13.63832499,52.34357238],[13.63870383,52.34319324],[13.64085844,52.34188354],[13.64097285,52.3417659],[13.64142772,52.34131594],[13.6424986,52.34025646],[13.64281713,52.33994125],[13.64449559,52.33991602],[13.64467965,52.33969447],[13.64523064,52.33915258],[13.64534765,52.33899906],[13.64550792,52.33878507],[13.64590796,52.33863662],[13.64744067,52.33827231],[13.64773864,52.33824557],[13.64842248,52.33827429],[13.64871082,52.3383526],[13.64884859,52.33833964],[13.6488995,52.33835679],[13.65010877,52.33871882],[13.65069263,52.33885755],[13.65094473,52.33894593],[13.65139942,52.33924671],[13.6516946,52.33946701],[13.65129904,52.34176162],[13.65115088,52.34260676],[13.65152462,52.34300549],[13.65179773,52.34333661],[13.65210868,52.3436437],[13.65230073,52.34385117],[13.65245866,52.34419389],[13.65257003,52.34442303],[13.65276305,52.34478371],[13.65313283,52.34528257],[13.65329762,52.34555691],[13.65350332,52.34573489],[13.65363063,52.34589644],[13.65393305,52.34609606],[13.65423882,52.34627824],[13.65448797,52.34648452],[13.65487879,52.34678225],[13.65518015,52.34695913],[13.65522729,52.34698698],[13.65527513,52.34701455],[13.65533665,52.34705084],[13.65557653,52.34721866],[13.65572104,52.34738739],[13.65598668,52.34765729],[13.65599637,52.34767221],[13.6560275,52.34770923],[13.65611357,52.34781381],[13.6561696,52.34798266],[13.65594872,52.34817386],[13.65600923,52.3484767],[13.65617788,52.34874123],[13.65638481,52.34899514],[13.65655241,52.34921294],[13.65663264,52.34936003],[13.65677222,52.34961369],[13.65678786,52.349752],[13.65675482,52.34994019],[13.65680741,52.35043867],[13.65681851,52.35057725],[13.65686602,52.35073666],[13.65689975,52.35091899],[13.65696191,52.35125247],[13.65697016,52.35129803],[13.65697679,52.35134422],[13.65708631,52.35161442],[13.65721114,52.35173051],[13.65750713,52.3519108],[13.65766567,52.35196917],[13.65789247,52.35204702],[13.65823432,52.3521057],[13.65842396,52.35213648],[13.6589843,52.35235919],[13.65911827,52.35253521],[13.65916414,52.35264151],[13.65896673,52.35280926],[13.65929172,52.35308893],[13.65947644,52.35322619],[13.65957116,52.35330822],[13.65995979,52.3534927],[13.66011656,52.35351234],[13.66037757,52.35360456],[13.66088434,52.35376986],[13.66107097,52.35389661],[13.66142138,52.35400201],[13.66159696,52.35406163],[13.66186212,52.35418737],[13.662023,52.35421427],[13.66216666,52.35436387],[13.66219897,52.35439818],[13.66222336,52.35442379],[13.66203153,52.35448562],[13.66194735,52.35451275],[13.66198618,52.35460692],[13.66218784,52.35478911],[13.66268592,52.35508184],[13.66255157,52.35519044],[13.66252384,52.35521408],[13.66244729,52.35527603],[13.66240162,52.35543933],[13.66238349,52.3557022],[13.66243865,52.35586161],[13.66260339,52.35611741],[13.66270172,52.35628418],[13.66278376,52.35645588],[13.66282024,52.3565594],[13.66283848,52.35660946],[13.66300428,52.3568941],[13.66315222,52.357056],[13.66363468,52.35740759],[13.66397188,52.3576469],[13.66416838,52.35778011],[13.66442828,52.35790593],[13.66463255,52.35801226],[13.66472314,52.35805025],[13.66478717,52.35807701],[13.66490537,52.35812667],[13.66518707,52.35817537],[13.66551543,52.35818147],[13.66587396,52.35812096],[13.66620228,52.3580893],[13.66615099,52.35817811],[13.66607844,52.35830215],[13.66604716,52.35844353],[13.66601956,52.35860844],[13.66584692,52.35908057],[13.66577206,52.3594088],[13.66575023,52.35962646],[13.66581515,52.3598388],[13.66599317,52.36014573],[13.66616334,52.36051952],[13.66614926,52.36070662],[13.66620513,52.36079306],[13.66627241,52.36101672],[13.66628708,52.3611747],[13.66631996,52.36134193],[13.66634457,52.36159247],[13.66635163,52.36162428],[13.66640283,52.36174649],[13.66643579,52.36183509],[13.66648346,52.36196277],[13.66658082,52.3621609],[13.6666367,52.36228031],[13.66666438,52.36236136],[13.66673079,52.36242533],[13.66682972,52.36257951],[13.66689671,52.36263951],[13.66705835,52.36281605],[13.66717564,52.36297265],[13.66754792,52.36329569],[13.66774688,52.36351049],[13.66807938,52.36382923],[13.66825145,52.36401384],[13.66835796,52.36409685],[13.66847756,52.36420985],[13.66890765,52.36447301],[13.66917694,52.36452584],[13.66934697,52.36456595],[13.66945871,52.36460681],[13.66952361,52.36460319],[13.66990038,52.36469408],[13.67000895,52.36477061],[13.67010818,52.36491149],[13.67041668,52.36528774],[13.67067942,52.36584258],[13.67091883,52.36624329],[13.67118273,52.36648206],[13.67135709,52.36656917],[13.67150589,52.36665674],[13.67181857,52.36678495],[13.67227673,52.36689594],[13.67288758,52.36701145],[13.67389714,52.36723904],[13.67395615,52.3672303],[13.67403809,52.36725094],[13.67417573,52.36732601],[13.67441828,52.3673465],[13.67457515,52.36740745],[13.67465683,52.3674643],[13.67484218,52.36752229],[13.67492497,52.36752181],[13.67503278,52.36756076],[13.67542049,52.36768085],[13.67556475,52.36775969],[13.67587495,52.36787711],[13.67613593,52.36795832],[13.67629915,52.36806206],[13.67642476,52.36813408],[13.67661156,52.36818944],[13.67673474,52.36832294],[13.67691903,52.36835161],[13.67698426,52.36839536],[13.67707425,52.36839901],[13.6771197,52.3684618],[13.67724017,52.36852348],[13.6773402,52.36856721],[13.67741712,52.36857203],[13.67749264,52.3686172],[13.67758713,52.36869229],[13.67784615,52.368857],[13.67812853,52.36902502],[13.67840606,52.36919087],[13.67890291,52.36933049],[13.67906135,52.36935478],[13.67920872,52.36944529],[13.67934233,52.36946007],[13.67948839,52.36943367],[13.67968161,52.36943655],[13.67996203,52.36943372],[13.67999475,52.36941862],[13.68011852,52.36942099],[13.68047829,52.36948687],[13.68070442,52.3695087],[13.68076403,52.36950319],[13.68079147,52.36948566],[13.6810331,52.3694664],[13.68113965,52.36956135],[13.681289,52.36958383],[13.68141081,52.36954468],[13.68149219,52.36956774],[13.68215133,52.36963978],[13.68282992,52.3695087],[13.68336777,52.36932071],[13.6838441,52.36914704],[13.68475336,52.36881615],[13.68536753,52.36851884],[13.68668457,52.36773633],[13.68682241,52.36762392],[13.68722146,52.36730208],[13.68802399,52.36734346],[13.68891757,52.36741255],[13.68927992,52.36752838],[13.68952954,52.36766098],[13.68926319,52.36784562],[13.68970196,52.3678107],[13.68989447,52.36784025],[13.68999213,52.3678552],[13.69021289,52.36783082],[13.69030082,52.36781047],[13.69054283,52.36775453],[13.6905983,52.36773642],[13.69097497,52.36760242],[13.691427,52.36739961],[13.69147559,52.36729668],[13.69188892,52.36723912],[13.69193717,52.36719983],[13.69201745,52.36718594],[13.69220261,52.36720875],[13.69224246,52.36725699],[13.69212439,52.36732895],[13.69161415,52.36743043],[13.69155258,52.36744268],[13.6914261,52.36748903],[13.6913135,52.36759945],[13.69127663,52.36777758],[13.69162512,52.36785208],[13.69167329,52.36786238],[13.69201591,52.36793615],[13.69207977,52.36794025],[13.69250147,52.36796707],[13.6925828,52.36796819],[13.69308316,52.36797797],[13.69306708,52.36802814],[13.69297167,52.36833724],[13.69279312,52.36851528],[13.69277469,52.36855995],[13.69270255,52.36872004],[13.69267862,52.36882188],[13.69270112,52.36894103],[13.69278782,52.36909708],[13.69285328,52.3691782],[13.69296236,52.36927663],[13.69322478,52.36951328],[13.69348029,52.36963527],[13.69369611,52.36973841],[13.69393237,52.36994641],[13.69431178,52.37015917],[13.69455366,52.37029482],[13.69470526,52.37044068],[13.69486549,52.37057036],[13.69509048,52.37070269],[13.69525916,52.37088304],[13.69535182,52.37098275],[13.69547771,52.37111802],[13.69551857,52.37114782],[13.6955218,52.37115061],[13.69560104,52.37120987],[13.69575088,52.37137055],[13.69592615,52.37157814],[13.69622055,52.37190724],[13.6963226,52.37200046],[13.69644008,52.37210779],[13.6967495,52.37232985],[13.69704246,52.37254436],[13.69723619,52.37283893],[13.69739091,52.37307336],[13.69751164,52.37314443],[13.69797256,52.37341577],[13.69829166,52.37372101],[13.69853931,52.3739945],[13.69861662,52.37407987],[13.69864123,52.3740991],[13.69871481,52.37415513],[13.69889757,52.37448573],[13.69917177,52.3747025],[13.69921647,52.37491258],[13.69995661,52.37558991],[13.70030309,52.3763524],[13.7004972,52.3768674],[13.70061977,52.37719264],[13.70040575,52.37750668],[13.69993042,52.3775183],[13.69942249,52.37751358],[13.69929272,52.37773616],[13.69867115,52.37764713],[13.69859094,52.37763564],[13.69839421,52.37760806],[13.69835048,52.37760192],[13.69828052,52.37759161],[13.69817842,52.37757655],[13.69766114,52.37750246],[13.69757199,52.37748969],[13.69720939,52.37743775],[13.69723371,52.37750516],[13.69725014,52.37755072],[13.69725469,52.37756333],[13.69727537,52.37762084],[13.69729048,52.37766281],[13.69729678,52.37768032],[13.69730464,52.37770218],[13.69731652,52.37773498],[13.69733342,52.37778165],[13.69733811,52.3777946],[13.69735729,52.37784756],[13.69737523,52.37789708],[13.69738483,52.3779236],[13.69741017,52.37798476],[13.69742978,52.37803209],[13.6974502,52.37808138],[13.69747345,52.37813751],[13.69747513,52.37814157],[13.69748777,52.37817791],[13.69750201,52.37821882],[13.69752111,52.37827371],[13.697537,52.37831939],[13.69755232,52.37836343],[13.69756846,52.37840982],[13.6975888,52.37846826],[13.69760192,52.378506],[13.69762158,52.37856248],[13.69764233,52.37862214],[13.69765521,52.37865917],[13.69767542,52.37871725],[13.69769774,52.37878137],[13.69773749,52.37889566],[13.69776006,52.3789605],[13.69778138,52.3790218],[13.69779083,52.37904892],[13.69780324,52.37908277],[13.69782488,52.37914174],[13.69783793,52.37917728],[13.69785773,52.37923126],[13.6978692,52.37926253],[13.69789001,52.37931924],[13.69791525,52.37938803],[13.69793368,52.37943828],[13.69795849,52.37950587],[13.6979822,52.37957048],[13.69800314,52.37962756],[13.69802566,52.37968892],[13.69804993,52.3797551],[13.6980753,52.37982423],[13.69810286,52.37989935],[13.69810833,52.37991427],[13.69814382,52.37998239],[13.69818195,52.38005558],[13.69821552,52.38012001],[13.69825168,52.38018943],[13.69831206,52.38030534],[13.69833374,52.38034696],[13.69840647,52.38048658],[13.69841991,52.38051242],[13.69844998,52.38057009],[13.69850262,52.38067115],[13.69851497,52.38068928],[13.69880973,52.38112327],[13.69883463,52.38150098],[13.69876406,52.38149868],[13.69870746,52.38149721],[13.69840457,52.38148938],[13.69831987,52.38148711],[13.69735295,52.38132879],[13.69624824,52.38115239],[13.69516534,52.38095493],[13.69427437,52.38128461],[13.69335485,52.38168284],[13.69244042,52.38206713],[13.69218743,52.38217755],[13.69196574,52.3822743],[13.69183079,52.38233322],[13.69155268,52.38245458],[13.69064902,52.38284297],[13.68974235,52.38324502],[13.6897213,52.38325435],[13.68886757,52.38311216],[13.68882463,52.38310501],[13.68791479,52.38295346],[13.68742901,52.38325081],[13.68737222,52.38328558],[13.68735859,52.38329392],[13.68733849,52.38330622],[13.68731113,52.38332296],[13.68708722,52.38382109],[13.68706084,52.38387967],[13.68703739,52.38387925],[13.68701319,52.38387881],[13.6866155,52.38386863],[13.68642649,52.38386711],[13.68617931,52.38386265],[13.68612205,52.38399029],[13.68630499,52.3843174],[13.68656828,52.38478826],[13.68664513,52.3850279],[13.68683115,52.3853045],[13.68715834,52.38524666],[13.68750568,52.38518511],[13.68759306,52.38516961],[13.68768038,52.38535231],[13.68771408,52.38542306],[13.68774513,52.38548783],[13.68791277,52.38583872],[13.68799843,52.38601755],[13.68802487,52.38607262],[13.6880295,52.38606982],[13.68805068,52.38604874],[13.68806399,52.38603432],[13.68811718,52.38599738],[13.68818457,52.38592846],[13.68832179,52.38581089],[13.68834092,52.38578292],[13.68840635,52.38568516],[13.68844671,52.38562275],[13.68847985,52.38557154],[13.68869438,52.38541834],[13.68887103,52.38503301],[13.68893408,52.3850251],[13.68937688,52.38515824],[13.68970077,52.38519456],[13.68975532,52.38519987],[13.69040816,52.3854183],[13.69052972,52.38546712],[13.69060555,52.38549759],[13.6906896,52.38555277],[13.69241326,52.38668444],[13.69285447,52.38696953],[13.69298929,52.38705664],[13.69302407,52.38708302],[13.69318692,52.38722489],[13.6934688,52.38747049],[13.69361208,52.38756603],[13.69415942,52.38785632],[13.69434395,52.38802231],[13.69467645,52.38832137],[13.69479045,52.38840749],[13.69541806,52.38888155],[13.69596841,52.38898379],[13.69604027,52.38902792],[13.69620958,52.38914735],[13.69628802,52.38923478],[13.69639634,52.38932249],[13.69646986,52.38938202],[13.69682371,52.38968832],[13.69734388,52.38992161],[13.69738189,52.39000398],[13.69739259,52.39002714],[13.69739695,52.39003659],[13.6974818,52.39022154],[13.69749828,52.3905566],[13.69753794,52.39060875],[13.69758151,52.39067164],[13.69760988,52.39071104],[13.6976637,52.39076424],[13.69776445,52.39086383],[13.69786428,52.39096249],[13.6977941,52.39101552],[13.69765299,52.39112213],[13.69772527,52.39126448],[13.6977423,52.39129803],[13.69793988,52.39140177],[13.69798223,52.391424],[13.69798505,52.39143283],[13.69803734,52.39159601],[13.69809614,52.39164052],[13.69814245,52.39167557],[13.69826904,52.39177141],[13.69874356,52.39189546],[13.6987717,52.39190282],[13.69901383,52.39191251],[13.69901653,52.39182495],[13.69901708,52.3917947],[13.69874669,52.39143032],[13.6985473,52.39137915],[13.69851176,52.39131246],[13.69844562,52.39118829],[13.69841942,52.39113912],[13.69841114,52.39099986],[13.69840134,52.3908352],[13.69839911,52.39074803],[13.69869962,52.39059624],[13.69896332,52.39066628],[13.69925388,52.39077676],[13.69960296,52.39096196],[13.69999104,52.39109193],[13.7001503,52.39114527],[13.70028008,52.3912699],[13.70035192,52.39139665],[13.70037427,52.39143741],[13.70043696,52.39150997],[13.70054078,52.39162526],[13.70065302,52.39174207],[13.70079974,52.39189584],[13.70097334,52.39205397],[13.70115445,52.39221965],[13.70119246,52.39225497],[13.70133668,52.39242721],[13.70153536,52.39266452],[13.70169959,52.39286068],[13.70170832,52.39287141],[13.70184052,52.39303407],[13.7018694,52.39305083],[13.70211655,52.3931942],[13.7023476,52.39332823],[13.7024942,52.39337231],[13.70259194,52.39338369],[13.70267114,52.39337058],[13.70329314,52.3932647],[13.7035374,52.39329108],[13.70368799,52.39333036],[13.70380728,52.39336149],[13.70426313,52.39348038],[13.70448535,52.39353834],[13.70476604,52.39370043],[13.70509805,52.3938994],[13.70545284,52.39407664],[13.70560817,52.39424466],[13.70564461,52.3942837],[13.70615966,52.39483321],[13.70655556,52.39511954],[13.70725607,52.39522388],[13.70760026,52.39515244],[13.70794099,52.39512508],[13.70802919,52.39515588],[13.70811805,52.39518595],[13.70820755,52.39521531],[13.70829768,52.39524394],[13.70838843,52.39527183],[13.70847976,52.39529898],[13.70857168,52.3953254],[13.70868479,52.3953744],[13.70883277,52.3954489],[13.70924979,52.39568885],[13.70938756,52.39591297],[13.70972235,52.39621703],[13.70985197,52.39637416],[13.71017947,52.39619362],[13.71033885,52.39630402],[13.7104728,52.39639681],[13.71059907,52.39647579],[13.71081689,52.39661194],[13.71101112,52.39676653],[13.71136535,52.39713666],[13.71175391,52.3972913],[13.71188376,52.39738438],[13.71206749,52.39752879],[13.71216476,52.39757332],[13.71218828,52.39758409],[13.71251222,52.3977324],[13.71252399,52.39773779],[13.71254411,52.397747],[13.7127314,52.39777704],[13.71275015,52.39777797],[13.71282736,52.39778183],[13.71287664,52.39778428],[13.71314845,52.39785977],[13.71325311,52.39787304],[13.71344663,52.39794327],[13.71359366,52.39799667],[13.71376225,52.3981623],[13.71378314,52.39818282],[13.71380643,52.39820571],[13.7139081,52.39838964],[13.71404738,52.3986412],[13.71398883,52.39868442],[13.71404291,52.39875951],[13.71412733,52.39883242],[13.71416183,52.39885622],[13.71417279,52.39886378],[13.71441437,52.39903043],[13.71442793,52.39903978],[13.71446325,52.39905081],[13.71468725,52.39912071],[13.71492351,52.39919194],[13.71514528,52.39924504],[13.71548323,52.39945442],[13.71586982,52.39969392],[13.71591597,52.39969361],[13.7160455,52.39969834],[13.71606919,52.39969921],[13.71611382,52.39970086],[13.71669137,52.39972216],[13.7169775,52.39963881],[13.71700249,52.39960574],[13.71721635,52.39932265],[13.71734209,52.39915622],[13.717418,52.39905573],[13.71756661,52.39892667],[13.71805238,52.39881897],[13.71825301,52.39878106],[13.71840696,52.39876143],[13.71853714,52.39875125],[13.71878441,52.39876157],[13.71918351,52.39882054],[13.71942794,52.39888843],[13.71970267,52.39900314],[13.71984283,52.39906936],[13.72016805,52.39897636],[13.72028697,52.3989423],[13.72034439,52.39892584],[13.72034996,52.39892427],[13.72078046,52.39880099],[13.72127217,52.3986604],[13.72157978,52.39857352],[13.72234498,52.39832954],[13.72245255,52.39829715],[13.72253544,52.39827219],[13.72265509,52.39826544],[13.72270433,52.3982623],[13.72275455,52.39825918],[13.72278924,52.39825703],[13.72287243,52.39828122],[13.72294917,52.39829958],[13.72316791,52.39829483],[13.7233844,52.39833958],[13.72367869,52.39854855],[13.72395727,52.39863046],[13.72399315,52.398641],[13.72414075,52.39868441],[13.72438592,52.39880669],[13.72464208,52.39884755],[13.72473014,52.39893433],[13.7247489,52.39895282],[13.72478113,52.39898457],[13.7248237,52.39902651],[13.72490033,52.39910202],[13.72496091,52.39925672],[13.72504638,52.39936566],[13.72533663,52.39954263],[13.72542641,52.39967826],[13.72544366,52.39970449],[13.72551404,52.39964278],[13.72561732,52.39957322],[13.72579221,52.39953174],[13.72629108,52.39956997],[13.7264369,52.39960677],[13.72674336,52.39972186],[13.72680009,52.39974316],[13.72680598,52.39974497],[13.72691158,52.39977744],[13.72706797,52.39982551],[13.72724441,52.39995091],[13.72732089,52.40018019],[13.7274506,52.40023256],[13.72759825,52.40023594],[13.72761856,52.40018964],[13.72764763,52.40017563],[13.72780697,52.40009882],[13.72792225,52.40004325],[13.72818482,52.39991668],[13.72822703,52.39989633],[13.72843517,52.39985024],[13.72843848,52.39984951],[13.7286779,52.39980938],[13.72867993,52.39980904],[13.72886011,52.39977016],[13.72887007,52.39977285],[13.72901122,52.39981109],[13.72903293,52.39985673],[13.72905777,52.39992284],[13.7289329,52.40005479],[13.72897162,52.40009115],[13.72904892,52.40010223],[13.72911414,52.40009597],[13.72920205,52.40011657],[13.72923972,52.40013526],[13.72930237,52.40016635],[13.72937707,52.40019666],[13.7294078,52.40020247],[13.72946755,52.40018751],[13.72948258,52.40016267],[13.72956576,52.40002512],[13.72957019,52.39991036],[13.7295786,52.39986551],[13.72960513,52.39983609],[13.72964207,52.39981327],[13.72972478,52.39976217],[13.72976029,52.39974024],[13.72979028,52.39972171],[13.72988277,52.39969252],[13.73004414,52.39965509],[13.73019912,52.39964704],[13.73022657,52.39965347],[13.7302913,52.39966861],[13.73074745,52.39991013],[13.73083938,52.39995292],[13.7309552,52.39997358],[13.73101105,52.39998351],[13.73110718,52.40000059],[13.73113745,52.40000596],[13.73130556,52.40007833],[13.73133867,52.40010104],[13.73152938,52.40023198],[13.73158633,52.40027111],[13.73181677,52.40048012],[13.73251487,52.40094375],[13.73280938,52.40109922],[13.73291247,52.40114128],[13.73315013,52.40123812],[13.73316925,52.40124584],[13.73333439,52.40136655],[13.73351706,52.40150775],[13.73411678,52.40198099],[13.73426981,52.40213497],[13.73426852,52.40214557],[13.73415849,52.40306421],[13.73416358,52.40334315],[13.73435278,52.40379735],[13.73443789,52.4040018],[13.7347386,52.40470087],[13.73488808,52.40501724],[13.73540383,52.40585766],[13.73540028,52.40591068],[13.73536065,52.40598369],[13.73546948,52.4060151],[13.7370024,52.40645775],[13.73797522,52.40671835],[13.73856675,52.40702509],[13.73866229,52.40709103],[13.73873785,52.40714317],[13.73903466,52.40733566],[13.73892212,52.4074083],[13.73857292,52.40773456],[13.73844608,52.40786591],[13.73842359,52.40790234],[13.73824703,52.40812842],[13.73791097,52.40846813],[13.73777135,52.40866817],[13.73770306,52.40877686],[13.73765234,52.40887449],[13.73761971,52.4089892],[13.73758392,52.40910313],[13.73747981,52.40929133],[13.73739436,52.40941643],[13.73727741,52.40955972],[13.73717014,52.40964177],[13.73700183,52.40975418],[13.73682153,52.40985369],[13.73634503,52.41007035],[13.73592953,52.41024918],[13.73584691,52.41029866],[13.73561181,52.41033908],[13.73508728,52.41040836],[13.7349603,52.41041153],[13.73484354,52.41046067],[13.73461121,52.41057116],[13.73449683,52.41069589],[13.73432906,52.4109749],[13.73419549,52.41124435],[13.73407953,52.41155094],[13.73392818,52.41178609],[13.733669,52.4120658],[13.73349494,52.41227097],[13.73334795,52.41248282],[13.73310712,52.41268147],[13.7329275,52.41287341],[13.73274802,52.41306892],[13.73252454,52.41328949],[13.7322973,52.41348387],[13.73213686,52.41364439],[13.73195716,52.41381282],[13.73179269,52.41395079],[13.73165641,52.41406199],[13.7314425,52.41418866],[13.73127166,52.41433784],[13.73106079,52.41452313],[13.73094431,52.41465622],[13.73082948,52.41478943],[13.73067285,52.41492957],[13.73050602,52.41508764],[13.7304714,52.41512398],[13.73046303,52.41513229],[13.73026084,52.41534495],[13.73025581,52.41535023],[13.73014375,52.41550885],[13.72992833,52.41581379],[13.72992249,52.41582206],[13.72991082,52.41583857],[13.72989595,52.41591034],[13.72987167,52.41602756],[13.72984951,52.41613466],[13.72984925,52.4161359],[13.72982691,52.41624378],[13.72980603,52.41634461],[13.72982004,52.41638298],[13.72985231,52.41647135],[13.72990004,52.41660205],[13.72997741,52.41681875],[13.73002588,52.41695572],[13.73005473,52.41703426],[13.73007234,52.4170695],[13.73008967,52.41710414],[13.73013297,52.41719071],[13.7301426,52.41720995],[13.73017618,52.4172771],[13.73018488,52.41729451],[13.73019359,52.41731192],[13.73023161,52.41738693],[13.73023682,52.41739837],[13.7302803,52.41748532],[13.73029325,52.4175112],[13.73030204,52.41752634],[13.73035951,52.41762848],[13.73036915,52.41764508],[13.73039453,52.41769071],[13.73041712,52.41773133],[13.73044849,52.41778773],[13.73048716,52.41783431],[13.73055397,52.41792451],[13.73063872,52.41803896],[13.73069882,52.41812096],[13.73082222,52.41817855],[13.73074695,52.41819842],[13.73077959,52.41824654],[13.73087509,52.41836808],[13.73098021,52.41851383],[13.73103884,52.41859642],[13.73109333,52.41867992],[13.73114644,52.41876373],[13.73120506,52.41884632],[13.73125956,52.41892982],[13.73130715,52.41901487],[13.73135334,52.41910022],[13.7313845,52.41918003],[13.73138933,52.41920395],[13.73140195,52.4192664],[13.73140483,52.41928068],[13.73141427,52.41937039],[13.73142517,52.41946008],[13.73143165,52.41954986],[13.73143668,52.41963967],[13.73143436,52.41972964],[13.73143095,52.41975908],[13.73142366,52.41982209],[13.7314024,52.41991145],[13.73136973,52.41999909],[13.73133136,52.42008586],[13.73126872,52.42016893],[13.73119326,52.42025005],[13.73114634,52.42033551],[13.7310653,52.42047202],[13.73106944,52.42050973],[13.73109962,52.42052665],[13.73114604,52.42052817],[13.73125633,52.42063143],[13.73335792,52.42259893],[13.7376593,52.42669422],[13.73785785,52.4266722],[13.73807614,52.42666561],[13.73868507,52.42655963],[13.73949115,52.42642437],[13.73961722,52.42666599],[13.73989542,52.42660661],[13.74000658,52.42658288],[13.74006521,52.42657036],[13.74055052,52.42646676],[13.74076738,52.42642045],[13.74092075,52.4265246],[13.74098864,52.4265707],[13.74127504,52.42676516],[13.74132471,52.42696559],[13.74133853,52.42702132],[13.74136013,52.42710822],[13.74136531,52.4271294],[13.74142965,52.42738871],[13.74148793,52.42762393],[13.74157693,52.42798303],[13.74158514,52.42801647],[13.74159604,52.42806084],[13.74168321,52.42805223],[13.7417253,52.42819544],[13.74161322,52.42821811],[13.74146171,52.42824661],[13.74132554,52.42827302],[13.73995725,52.42860731],[13.73894203,52.42885531],[13.7389674,52.42889469],[13.73933839,52.42947048],[13.73937556,52.42952255],[13.73954928,52.43023026],[13.73955769,52.43026448],[13.73967691,52.43075014],[13.73970407,52.43086076],[13.73974389,52.431023],[13.73979037,52.43121229],[13.73984593,52.43143529],[13.73991901,52.43172856],[13.7401045,52.43247281],[13.7394542,52.43253982],[13.73842348,52.43266253],[13.73793318,52.43271592],[13.7372887,52.43278323],[13.73725455,52.43278764],[13.73613468,52.43290216],[13.73513264,52.43299358],[13.73415257,52.43309862],[13.73324502,52.43322259],[13.73287407,52.43328398],[13.73239224,52.43336373],[13.73182099,52.43347495],[13.7317545,52.43348791],[13.73164887,52.43350848],[13.73138482,52.43356705],[13.73128826,52.43358847],[13.73062962,52.43373451],[13.72969315,52.43398197],[13.72875031,52.43426388],[13.72788841,52.43455414],[13.7272198,52.43481093],[13.72631695,52.43518367],[13.72522723,52.43570609],[13.72414775,52.43629344],[13.72346309,52.43656415],[13.72280205,52.4368253],[13.72280789,52.43714378],[13.72372136,52.4367806],[13.72441274,52.43650568],[13.72550838,52.43591364],[13.72657545,52.43540241],[13.72746439,52.43503241],[13.72811924,52.43479076],[13.72896207,52.43450373],[13.72988572,52.43422504],[13.73128886,52.43384128],[13.73142977,52.43380268],[13.73251198,52.43362925],[13.73335615,52.43347848],[13.73423587,52.43336608],[13.73520131,52.43325909],[13.73620021,52.43317136],[13.73736928,52.43304913],[13.73819633,52.43296237],[13.73825861,52.43321822],[13.73827628,52.43329079],[13.7389448,52.43322184],[13.7392351,52.4331919],[13.740176,52.43314505],[13.7403355,52.4331371],[13.74115297,52.43306985],[13.74199415,52.43300065],[13.7427306,52.43295883],[13.74281382,52.43294753],[13.74288586,52.43293773],[13.74295826,52.4332309],[13.74303727,52.43355096],[13.74308339,52.43373775],[13.74324465,52.43439094],[13.7432738,52.43451361],[13.74329297,52.4345943],[13.74331107,52.43467047],[13.74324505,52.43470293],[13.74334126,52.43509393],[13.74358555,52.43608687],[13.74359649,52.43613147],[13.74359995,52.43614554],[13.7438218,52.43705021],[13.7440722,52.43807057],[13.74410862,52.43808989],[13.74415696,52.43811552],[13.74442172,52.43825553],[13.74469629,52.4384011],[13.74498762,52.43855556],[13.74511441,52.43862311],[13.74524326,52.43869116],[13.74539382,52.43877119],[13.74547492,52.43881417],[13.745708,52.43893746],[13.74594131,52.43906153],[13.74617031,52.43918283],[13.74617234,52.439184],[13.74628384,52.43924356],[13.74631318,52.43925923],[13.74637924,52.43929452],[13.74650591,52.43936179],[13.7468562,52.43954706],[13.74704171,52.43964559],[13.74727402,52.43976879],[13.74750733,52.43989248],[13.74755705,52.43991867],[13.74774113,52.44001641],[13.74797551,52.44014069],[13.74820754,52.44026375],[13.74844216,52.44038804],[13.74867354,52.44051067],[13.74870373,52.44052727],[13.748908,52.44063503],[13.74913942,52.44075813],[13.74937334,52.44088208],[13.74960669,52.44100573],[13.74964231,52.44102455],[13.74979137,52.44110336],[13.75039345,52.44142259],[13.75050568,52.44148205],[13.75052937,52.44148315],[13.75076829,52.44148811],[13.75108386,52.44149532],[13.75142611,52.44150315],[13.7517851,52.4415113],[13.75214984,52.44151947],[13.75219747,52.44152061],[13.75246008,52.44152656],[13.75277486,52.44153371],[13.75308227,52.44154067],[13.75339235,52.44154765],[13.75344267,52.44154872],[13.7537026,52.44155485],[13.75401441,52.44156177],[13.75427982,52.44156779],[13.75432517,52.44156881],[13.75463605,52.44157583],[13.75483616,52.44157997],[13.75494623,52.44158286],[13.75525723,52.44158993],[13.75556832,52.44159696],[13.75614472,52.44160936],[13.75621523,52.44161094],[13.75630431,52.44161296],[13.75597528,52.44074897],[13.75563811,52.43986478],[13.7553115,52.43898889],[13.75522436,52.43875324],[13.75512105,52.43847924],[13.75505755,52.43831078],[13.75498089,52.43811],[13.75465191,52.43723036],[13.75444734,52.43668081],[13.75451159,52.43667656],[13.75459713,52.43667091],[13.75463041,52.43666871],[13.75466381,52.4366665],[13.75479307,52.43664888],[13.75585315,52.43655295],[13.75588716,52.43654987],[13.75610031,52.43653059],[13.75624944,52.43651663],[13.75716256,52.43643006],[13.75744719,52.43640377],[13.75757048,52.43639239],[13.75771496,52.43637971],[13.75798828,52.43635459],[13.75803957,52.43634988],[13.75905177,52.43625686],[13.75920803,52.43624111],[13.7592349,52.43623864],[13.75988196,52.43617886],[13.75998802,52.43617029],[13.76001936,52.4362145],[13.76031354,52.43662937],[13.76057611,52.43694295],[13.76094709,52.43732017],[13.76115913,52.43770854],[13.76093756,52.4378779],[13.75972544,52.43799443],[13.75949035,52.43801703],[13.75812345,52.43814841],[13.75803037,52.43815735],[13.75754654,52.43820384],[13.7575016,52.43820816],[13.75626863,52.43832665],[13.75623132,52.43833023],[13.75547099,52.43840335],[13.75531817,52.43841779],[13.75533469,52.43846174],[13.75544522,52.43875301],[13.75551998,52.43895878],[13.75584777,52.4398363],[13.75618184,52.44071421],[13.75638999,52.44125505],[13.75652014,52.44159322],[13.75652969,52.44161784],[13.75686374,52.44246936],[13.75708482,52.44296163],[13.75684051,52.44298959],[13.75674542,52.44300217],[13.75567485,52.44312231],[13.75567251,52.44312258],[13.75563897,52.44312601],[13.75527595,52.44316305],[13.75500064,52.44319113],[13.75484113,52.44320744],[13.7547967,52.44321193],[13.75461443,52.44323218],[13.75456348,52.44324246],[13.7545298,52.44324926],[13.75449445,52.44325639],[13.75444375,52.44326661],[13.75438396,52.44327868],[13.75437941,52.4432796],[13.75462102,52.44362487],[13.75498533,52.44414548],[13.75534729,52.44466272],[13.75562163,52.44504403],[13.75564408,52.44507524],[13.75605718,52.44564945],[13.75610961,52.44572234],[13.75611635,52.44573169],[13.75612389,52.44574216],[13.75629987,52.44596761],[13.75635357,52.44604555],[13.75639484,52.44610489],[13.75644215,52.44617419],[13.75635547,52.44615997],[13.7559249,52.44608936],[13.75557034,52.44603122],[13.7553945,52.44600201],[13.75537327,52.4460342],[13.75526488,52.44619855],[13.75516604,52.44634842],[13.7551092,52.44643463],[13.75505566,52.4465158],[13.75503707,52.44654397],[13.75487532,52.44666568],[13.75486621,52.44667254],[13.75486039,52.44667686],[13.75485289,52.4466825],[13.75468056,52.44681212],[13.75466192,52.44682614],[13.75461964,52.44685804],[13.75436251,52.44705049],[13.75431584,52.44708543],[13.75417393,52.44719164],[13.75397827,52.44730407],[13.75348556,52.44758718],[13.75325417,52.44767748],[13.75261185,52.44787021],[13.75182385,52.44802097],[13.75154141,52.44807723],[13.75141473,52.44810233],[13.75136093,52.44811299],[13.7502612,52.44832925],[13.74995479,52.44845395],[13.74990494,52.44847424],[13.74948933,52.44860839],[13.74935194,52.4486426],[13.74924824,52.44866842],[13.74837611,52.44874297],[13.74808665,52.44877289],[13.74756558,52.44882726],[13.74729878,52.44885499],[13.74689683,52.44889575],[13.74681628,52.44890392],[13.74677081,52.44890852],[13.74649489,52.4489365],[13.74646877,52.44893914],[13.74610511,52.4489959],[13.74567963,52.44906231],[13.74559118,52.44907611],[13.74550505,52.44908865],[13.74549001,52.44909093],[13.74508139,52.44917561],[13.74489376,52.4492145],[13.74478813,52.44923639],[13.74459946,52.44919918],[13.74443887,52.4491682],[13.7443096,52.44914193],[13.74427317,52.44913452],[13.74408527,52.44909634],[13.74402119,52.44908323],[13.74373166,52.44902448],[13.74354286,52.44898631],[13.74344203,52.44896594],[13.74330221,52.44893788],[13.74315006,52.44895643],[13.74309124,52.44896303],[13.74264906,52.44901258],[13.74240083,52.44904097],[13.74228791,52.44906149],[13.74200325,52.44911362],[13.74171896,52.44916624],[13.74165814,52.44917634],[13.74143217,52.44921063],[13.74114494,52.44925296],[13.74085771,52.4492953],[13.74078369,52.44930621],[13.74056615,52.44933032],[13.74027648,52.44936243],[13.73998679,52.44939454],[13.73969711,52.44942664],[13.73962905,52.44943419],[13.73940744,52.44945875],[13.73911777,52.44949086],[13.73886443,52.44951893],[13.73861112,52.44954701],[13.73814573,52.44959858],[13.73785694,52.44963059],[13.73775947,52.4496422],[13.73759069,52.44968289],[13.73756923,52.44968807],[13.73728184,52.44975905],[13.73715692,52.44978904],[13.73694136,52.44982791],[13.73677705,52.44985753],[13.73673744,52.44986466],[13.73658513,52.44989211],[13.73647392,52.44991229],[13.73624181,52.45000549],[13.73587174,52.45015213],[13.73584407,52.4501631],[13.73560896,52.4502561],[13.73556129,52.4506083],[13.73542107,52.45061943],[13.73486394,52.45066176],[13.73481031,52.45067136],[13.73435073,52.4507365],[13.73400271,52.45066573],[13.7334231,52.45054914],[13.73304165,52.45044662],[13.73301126,52.45043856],[13.7327157,52.45036011],[13.73171806,52.4504552],[13.73143794,52.45051135],[13.73142709,52.45051368],[13.73132836,52.45052501],[13.73126568,52.45053222],[13.73089387,52.45057496],[13.73061711,52.45060678],[13.73040632,52.45063101],[13.73034918,52.45063758],[13.73029433,52.45064387],[13.72987577,52.45069197],[13.72908022,52.45078309],[13.72788276,52.45162433],[13.72714651,52.452143],[13.72581948,52.45307558],[13.72577249,52.45310824],[13.72520058,52.45350521],[13.7242374,52.45418568],[13.7240444,52.45432103],[13.72385131,52.45445645],[13.72365856,52.45459146],[13.72346532,52.45472715],[13.72328302,52.45485496],[13.72327632,52.45485967],[13.72327202,52.45486269],[13.7231341,52.45495969],[13.72306151,52.45501072],[13.72268126,52.45527807],[13.72263237,52.45531245],[13.72258257,52.45534728],[13.72253632,52.45537974],[13.72251515,52.4553946],[13.72247681,52.4554215],[13.72247182,52.45542519],[13.72245178,52.45543912],[13.72242732,52.4554565],[13.72240896,52.45546946],[13.72236195,52.45550257],[13.72233759,52.45551948],[13.72231463,52.45553544],[13.72227259,52.45556464],[13.7220791,52.45570045],[13.72188702,52.45583557],[13.7216938,52.45597151],[13.72150137,52.45610689],[13.72130657,52.45624393],[13.72097923,52.45647421],[13.72081515,52.45658962],[13.7207771,52.4566164],[13.72065127,52.45670499],[13.72063812,52.45671425],[13.72058513,52.45675129],[13.72051671,52.45683925],[13.72024772,52.45717688],[13.72019673,52.45724238],[13.72013393,52.45732304],[13.72001944,52.45747008],[13.71990634,52.45761757],[13.71978477,52.45777149],[13.71964751,52.45794778],[13.71957717,52.4580382],[13.71957445,52.45804161],[13.71955012,52.45807415],[13.71908861,52.45869149],[13.71892553,52.45890962],[13.71849581,52.45944226],[13.71782952,52.46026807],[13.71775864,52.46035591],[13.71760485,52.46054648],[13.71739906,52.46083021],[13.71705266,52.46130689],[13.71665796,52.46184329],[13.71618879,52.46248896],[13.71596367,52.46291583],[13.71478212,52.46302498],[13.71472577,52.46302962],[13.71380738,52.46303966],[13.71335153,52.46299666],[13.71221386,52.46317788],[13.71154652,52.46328419],[13.71151712,52.46328886],[13.71150442,52.4632939],[13.71138105,52.46334288],[13.71035375,52.46375067],[13.7090639,52.46425797],[13.70791548,52.46470864],[13.70782048,52.46474195],[13.70664576,52.46517057],[13.70570054,52.4655587],[13.70531937,52.46575675],[13.70482517,52.46601773],[13.70376266,52.46651511],[13.70359051,52.4665997],[13.70357988,52.46660446],[13.70354593,52.46661964],[13.70353502,52.46662453],[13.70244817,52.46721395],[13.70191339,52.46753366],[13.70184743,52.4676035],[13.70171038,52.46774859],[13.70165337,52.46780772],[13.70155764,52.46790836],[13.70131015,52.46816853],[13.70125946,52.46822259],[13.70103034,52.4682286],[13.70069054,52.4682375],[13.7003532,52.46824635],[13.70012513,52.46825233],[13.70007267,52.46825371],[13.6998965,52.46825799],[13.69940595,52.46826993],[13.6990801,52.46827786],[13.69921547,52.46809703],[13.69933166,52.46794226],[13.6994478,52.4677881],[13.69960857,52.46757346],[13.69973106,52.46741031],[13.70009871,52.4669206],[13.70056576,52.46629896],[13.70065978,52.46617202],[13.70099,52.46575958],[13.7011737,52.46552946],[13.70197606,52.46452043],[13.70199006,52.46450241],[13.70207643,52.46439129],[13.70209644,52.46436555],[13.70234433,52.46380474],[13.70247804,52.46350221],[13.70256176,52.46331277],[13.70281296,52.46224298],[13.70297048,52.4611678],[13.70316702,52.46045751],[13.7032089,52.46036621],[13.7033183,52.4601281],[13.70335978,52.46004403],[13.70371768,52.46002202],[13.70384855,52.46001385],[13.70408349,52.45999919],[13.70431647,52.459973],[13.70454938,52.45994691],[13.70478226,52.45992081],[13.70501518,52.45989473],[13.70525925,52.45986726],[13.70530797,52.45964481],[13.70532071,52.45957645],[13.70532713,52.45954619],[13.70532835,52.45954068],[13.70533528,52.45950828],[13.70537981,52.45928572],[13.70544347,52.45896804],[13.70545692,52.45890031],[13.70547062,52.45883272],[13.70547936,52.45879158],[13.70551433,52.45846144],[13.70551627,52.45844152],[13.70551789,52.45842482],[13.70552397,52.45836214],[13.70553916,52.45820563],[13.70555492,52.45804319],[13.70556901,52.45789777],[13.70557075,52.45787966],[13.70558405,52.45774232],[13.70558826,52.45769888],[13.70557405,52.4576191],[13.70557085,52.45760121],[13.70554176,52.45743787],[13.70551534,52.45728953],[13.70548813,52.45713673],[13.70548057,52.45709435],[13.70547365,52.45705546],[13.70545423,52.45694639],[13.7054286,52.45680253],[13.70542198,52.45676535],[13.70540095,52.45665577],[13.70537895,52.45651171],[13.70535696,52.45636766],[13.70533496,52.4562236],[13.70531159,52.4560705],[13.70528684,52.45590836],[13.70526209,52.45574623],[13.70524248,52.45561589],[13.70522094,52.45558667],[13.70511067,52.45543631],[13.70503661,52.45533725],[13.70501315,52.45530373],[13.70491448,52.45516886],[13.70481445,52.45503247],[13.70479616,52.45500757],[13.70477091,52.45497322],[13.70471611,52.45489841],[13.70461453,52.45475976],[13.70384989,52.45480768],[13.70365853,52.45481967],[13.70339311,52.45483631],[13.70315228,52.4548514],[13.70312682,52.45485159],[13.70285638,52.45485374],[13.70258597,52.45485589],[13.70231555,52.45485803],[13.70171258,52.4548628],[13.70167022,52.45486313],[13.70165216,52.45486328],[13.70152828,52.45486426],[13.70149619,52.45486451],[13.70148632,52.45486554],[13.70134627,52.45488012],[13.70128171,52.45488684],[13.70085511,52.45493124],[13.70035196,52.45497606],[13.70023672,52.45498641],[13.69903151,52.45518217],[13.69834784,52.45525981],[13.69836322,52.45528949],[13.69839924,52.4553591],[13.69840596,52.45537209],[13.69852668,52.45560561],[13.69853218,52.45561451],[13.69853537,52.45563408],[13.69853896,52.45565625],[13.69857214,52.45586064],[13.69866804,52.45643713],[13.69867467,52.45647697],[13.6986513,52.45657751],[13.69858225,52.45687289],[13.69853421,52.45708062],[13.69848632,52.4572877],[13.69840702,52.45740637],[13.6983853,52.45744024],[13.69834884,52.4574971],[13.69832635,52.45753218],[13.69831561,52.45754892],[13.69822785,52.45768173],[13.69821255,52.45770492],[13.69802295,52.45799189],[13.69799434,52.45803518],[13.69783284,52.45828488],[13.69778634,52.45835412],[13.69773981,52.45842336],[13.69769101,52.45849601],[13.69768995,52.45851558],[13.6976881,52.4585494],[13.69768,52.45870221],[13.69766231,52.45900338],[13.69765591,52.45911309],[13.69764521,52.45930233],[13.69763154,52.45954084],[13.6976192,52.45975596],[13.6976166,52.45977769],[13.69759772,52.45993506],[13.69757871,52.46009359],[13.69755993,52.46025016],[13.69755034,52.4603248],[13.69754512,52.46036976],[13.69753203,52.46048286],[13.69752563,52.46050052],[13.69746597,52.4606654],[13.69740457,52.46083508],[13.69734245,52.46100671],[13.69730721,52.46110417],[13.69720921,52.46137492],[13.69713981,52.46156669],[13.69707961,52.46173302],[13.69705403,52.46177051],[13.69694252,52.46193393],[13.6968693,52.46204121],[13.6968545,52.46206289],[13.69681319,52.46212343],[13.69677186,52.46218397],[13.6966907,52.46230291],[13.69667026,52.46233287],[13.6965535,52.46250396],[13.69648989,52.46259714],[13.69645314,52.46265517],[13.69635638,52.46280798],[13.69631553,52.4628725],[13.69627534,52.46293598],[13.69604743,52.46329591],[13.69598853,52.46338889],[13.69592132,52.46349505],[13.69585951,52.46359761],[13.69576019,52.46376156],[13.69566197,52.46392401],[13.6956157,52.46400209],[13.69537885,52.4640176],[13.69535324,52.46401928],[13.69543342,52.46418463],[13.69542352,52.46418632],[13.69534292,52.46420012],[13.69532812,52.46420266],[13.69527569,52.46421163],[13.69490246,52.46427317],[13.69461752,52.46432015],[13.69434682,52.46436477],[13.69410943,52.46440391],[13.6940605,52.46440824],[13.69378278,52.46443287],[13.69349145,52.46445881],[13.69319822,52.46448471],[13.69290594,52.46451061],[13.69261367,52.46453653],[13.692474,52.46454892],[13.69232367,52.46456817],[13.69169868,52.46464818],[13.6914743,52.46467691],[13.6913854,52.46468829],[13.6913598,52.46469157],[13.6911053,52.46472415],[13.69097123,52.46474131],[13.69083762,52.46477305],[13.69057366,52.46483574],[13.69031053,52.46489823],[13.69004712,52.46496079],[13.68983054,52.46501223],[13.68979439,52.46501254],[13.68952193,52.46501493],[13.68919789,52.46501777],[13.68891809,52.46502022],[13.68859362,52.46502306],[13.68838795,52.46502486],[13.68822612,52.46503489],[13.68785789,52.46505775],[13.68753476,52.4650778],[13.68721317,52.46509776],[13.68688894,52.46511787],[13.6865652,52.46513795],[13.68625865,52.46520905],[13.68589437,52.46529354],[13.68568775,52.46534147],[13.6853849,52.46541171],[13.68508192,52.46548199],[13.68478299,52.46555801],[13.68434847,52.46566825],[13.68428017,52.46568559],[13.68405157,52.46574357],[13.68395113,52.46576905],[13.68376773,52.46581557],[13.68350715,52.46588228],[13.6830966,52.46598687],[13.68277442,52.46606881],[13.68273401,52.46609556],[13.68270307,52.46611602],[13.6824175,52.46630502],[13.68237635,52.46633226],[13.68213115,52.46649453],[13.68184501,52.4666839],[13.6816488,52.46681375],[13.68156057,52.46687404],[13.68128018,52.46706563],[13.68099775,52.46725956],[13.68094609,52.46729474],[13.68085131,52.46735927],[13.68082206,52.46737919],[13.68075012,52.46742773],[13.68046096,52.46762519],[13.68016404,52.46782794],[13.68002098,52.46795992],[13.67973607,52.46822274],[13.67968273,52.46827194],[13.6794066,52.46852666],[13.67897839,52.46892489],[13.67896539,52.46893696],[13.67896115,52.46894091],[13.67892098,52.46897827],[13.67883499,52.46905823],[13.67882671,52.46906594],[13.67881599,52.4690759],[13.67864421,52.46923565],[13.67858799,52.46925544],[13.67844783,52.46930476],[13.67818343,52.46939885],[13.67792766,52.46948781],[13.67767261,52.46957756],[13.67753271,52.46962679],[13.67741768,52.46966727],[13.6771635,52.46975793],[13.67697235,52.4698251],[13.67690841,52.46984757],[13.67665315,52.46993722],[13.67641077,52.47002235],[13.67630636,52.47007826],[13.67608681,52.47019794],[13.67586756,52.47031719],[13.67564891,52.47043764],[13.67539428,52.47057678],[13.67526209,52.47064839],[13.67523839,52.47066135],[13.6747784,52.47084275],[13.67395636,52.47116542],[13.67338106,52.47138994],[13.67325459,52.47145346],[13.67255785,52.47180258],[13.67251548,52.47182381],[13.67161169,52.47227678],[13.67063311,52.4728002],[13.67008444,52.47309363],[13.66957124,52.47325108],[13.66946451,52.47328382],[13.66894653,52.47344273],[13.66820755,52.47360026],[13.66755894,52.47373851],[13.66735733,52.47385385],[13.66723916,52.47428547],[13.66701763,52.4742366],[13.66664279,52.47415392],[13.66572392,52.47395118],[13.66462737,52.47377457],[13.66433153,52.47369465],[13.66381029,52.47366019],[13.66321602,52.47371049],[13.66265185,52.47375825],[13.66150501,52.47404837],[13.66074473,52.47427832],[13.66001913,52.47449776],[13.6599886,52.474507],[13.65995017,52.47451862],[13.65946692,52.47466208],[13.65860423,52.4749277],[13.65836355,52.47500181],[13.65681465,52.47597066],[13.65605645,52.47639028],[13.65565515,52.47656326],[13.65546429,52.47664552],[13.65462369,52.47686753],[13.65340904,52.47717501],[13.65232689,52.47746238],[13.65105397,52.47785358],[13.64976072,52.47828494],[13.64897355,52.47852621],[13.64830565,52.4787309],[13.64813874,52.47874659],[13.6478708,52.47877177],[13.64760912,52.47879703],[13.64757463,52.47880144],[13.64751752,52.47880498],[13.64728458,52.47881947],[13.64577681,52.47887218],[13.64481187,52.478979],[13.64413637,52.47909663],[13.64355629,52.47918233],[13.64325295,52.4792268],[13.64324939,52.47922732],[13.64324661,52.47922773],[13.64321515,52.47923229],[13.64268041,52.47880175],[13.64257084,52.47871435],[13.64179346,52.47840184],[13.64109707,52.47812077],[13.64094269,52.47806361],[13.6401942,52.47777663],[13.63984461,52.47764336],[13.63964472,52.47756203],[13.63913803,52.47735523],[13.63860776,52.47713835],[13.63816348,52.47695699],[13.63770438,52.47677032],[13.63739385,52.4766441],[13.63729796,52.47660697],[13.63689097,52.47644655],[13.63649656,52.47629086],[13.63615052,52.4761539],[13.63469862,52.47582535],[13.63466718,52.47581844],[13.63331521,52.47552444],[13.6319269,52.47522742],[13.63104261,52.47503512],[13.62944513,52.47411136],[13.62818406,52.47355428],[13.62681192,52.47362529],[13.62534179,52.47370523],[13.62521648,52.4728336],[13.62508071,52.47193737],[13.62501375,52.47148824],[13.62494787,52.47104181],[13.6248154,52.47025344],[13.62480971,52.47022324],[13.62480082,52.47017594],[13.62479581,52.47014927],[13.62470919,52.46906236],[13.62512516,52.4689076],[13.62520568,52.46874469],[13.62321087,52.4687867],[13.62312305,52.46878854],[13.62299922,52.46879116],[13.62293202,52.46879257],[13.62289746,52.4687933],[13.62287713,52.4686686],[13.62286704,52.46854095],[13.62283584,52.46841741],[13.62275881,52.46830315],[13.62266765,52.46816795],[13.62261778,52.46809401],[13.62260812,52.46806061],[13.62266474,52.46804044],[13.62275232,52.46800925],[13.62284518,52.46797062],[13.62292968,52.46793547],[13.62293782,52.46792897],[13.62294233,52.46792129],[13.62294288,52.46791293],[13.62293945,52.46790498],[13.62293245,52.46789798],[13.62292217,52.46789255],[13.62290985,52.46788933],[13.6228739,52.46788734],[13.62284478,52.46787236],[13.62282656,52.46786299],[13.62274877,52.46785332],[13.62268844,52.46783297],[13.62266594,52.4678104],[13.62266287,52.467781],[13.62267016,52.4677593],[13.62269311,52.46773015],[13.62274525,52.467699],[13.62280921,52.46764369],[13.62284219,52.46761515],[13.62284849,52.4676097],[13.62296677,52.46752016],[13.62298464,52.46749995],[13.62305439,52.46742082],[13.62305128,52.46734856],[13.62300197,52.46721639],[13.62297953,52.46715651],[13.62301863,52.46708416],[13.62303949,52.46706247],[13.62313715,52.46697747],[13.62321444,52.46689964],[13.62331808,52.46679839],[13.62340037,52.46671134],[13.62324565,52.46666986],[13.6231648,52.46664819],[13.62305526,52.46661885],[13.62302799,52.46660151],[13.6229679,52.46656331],[13.62295576,52.4665556],[13.62290221,52.46653043],[13.62283142,52.46649717],[13.62274326,52.46645574],[13.62269924,52.4664615],[13.62226209,52.46652106],[13.62138753,52.46663938],[13.62174665,52.46680168],[13.62195956,52.46700908],[13.62196189,52.46702924],[13.62198253,52.46720844],[13.62200317,52.46738765],[13.62202418,52.46756799],[13.62201989,52.46774053],[13.62201738,52.46784639],[13.62201111,52.46802403],[13.62200614,52.46804595],[13.62198936,52.46811654],[13.6219319,52.46840669],[13.62191918,52.4684862],[13.62113919,52.46849651],[13.62103277,52.46849742],[13.62102382,52.46849751],[13.62102779,52.46867037],[13.62103241,52.46886015],[13.62104009,52.46903714],[13.62104334,52.46920338],[13.62104723,52.46936637],[13.62105132,52.46953835],[13.62113515,52.47026271],[13.62116978,52.47026304],[13.62117045,52.47033018],[13.62117088,52.47037236],[13.62117176,52.47046258],[13.62095464,52.47050087],[13.62086672,52.47051638],[13.62056049,52.47057042],[13.61884604,52.47087282],[13.61868789,52.47090113],[13.61851892,52.47093135],[13.61767017,52.47108312],[13.6171233,52.4712076],[13.61506895,52.46971504],[13.6142894,52.46997634],[13.61365765,52.47017837],[13.61365265,52.47017991],[13.61349742,52.47022961],[13.61312125,52.47030807],[13.61301861,52.47032947],[13.61269033,52.47039803],[13.61240518,52.47045741],[13.61214892,52.47051086],[13.61212591,52.47051566],[13.61210654,52.47051908],[13.61178243,52.47057641],[13.61167426,52.47059588],[13.61166078,52.47060111],[13.61161738,52.47060828],[13.61149839,52.47062794],[13.61136605,52.47065092],[13.61159007,52.4708309],[13.61176012,52.4709742],[13.61213864,52.47128487],[13.61220794,52.47134175],[13.61227715,52.47139866],[13.61252861,52.47160498],[13.61272203,52.47176345],[13.61297812,52.47197375],[13.61317221,52.47213302],[13.61329113,52.47222656],[13.61330793,52.47222314],[13.61510248,52.47369525],[13.61527823,52.47383942],[13.61543642,52.47396918],[13.6155946,52.47409893],[13.61575277,52.47422868],[13.61600828,52.47443777],[13.61627108,52.47465407],[13.61648641,52.47483044],[13.61621423,52.47495378],[13.61614672,52.47498474],[13.61587505,52.47510815],[13.6157518,52.47516372],[13.61545185,52.47530025],[13.61533257,52.47532011],[13.61492523,52.47538865],[13.61486276,52.47539913],[13.6148189,52.4754065],[13.61472119,52.47542293],[13.61444188,52.47546963],[13.61422891,52.47550521],[13.61412015,52.47552342],[13.61397223,52.47554803],[13.61370257,52.47559319],[13.61367865,52.47559724],[13.61355054,52.47561865],[13.61360436,52.47582461],[13.61360946,52.47584412],[13.61365998,52.47603747],[13.61370634,52.47621488],[13.61374117,52.47634816],[13.61378749,52.47652538],[13.6138339,52.47670296],[13.61384746,52.4767549],[13.61388035,52.47688074],[13.61389386,52.47693243],[13.61394026,52.47710997],[13.61394758,52.47713801],[13.61398471,52.47728007],[13.6139864,52.47728733],[13.61401945,52.47741302],[13.61407718,52.47763521],[13.61411101,52.47776898],[13.61416428,52.47797273],[13.61418747,52.47806136],[13.61419787,52.47809479],[13.61421055,52.47815016],[13.61421827,52.47817989],[13.61424399,52.4782723],[13.6142567,52.47832774],[13.6142901,52.47844988],[13.61432786,52.47859833],[13.61433617,52.47862748],[13.61435286,52.47869173],[13.6143755,52.4787784],[13.61437656,52.47878242],[13.61438234,52.47880464],[13.61442206,52.47895755],[13.61442869,52.4789823],[13.61446853,52.47913534],[13.61447488,52.47915973],[13.61449168,52.47922423],[13.61451477,52.47931281],[13.61452157,52.47933727],[13.61456108,52.47949046],[13.61456789,52.47951476],[13.61461107,52.47968175],[13.61461406,52.47969208],[13.61466042,52.47986973],[13.61466091,52.4798716],[13.61470636,52.48004716],[13.61470985,52.48006078],[13.61475295,52.48022471],[13.61476306,52.48026449],[13.61479737,52.48040329],[13.61482016,52.48048361],[13.6148454,52.48057997],[13.61488366,52.48072687],[13.61489285,52.48076236],[13.61499224,52.48084507],[13.61516055,52.48098428],[13.61529455,52.48109513],[13.61533528,52.48112882],[13.61547147,52.48124261],[13.6155101,52.48127342],[13.61564613,52.48138739],[13.61568586,52.48142029],[13.61582082,52.48153218],[13.61585987,52.4815626],[13.61599521,52.48167643],[13.61603458,52.48170723],[13.61608245,52.48174858],[13.61616961,52.48182067],[13.61621834,52.48185892],[13.61634399,52.48196488],[13.61647889,52.48207645],[13.61651836,52.4821091],[13.61669278,52.48225332],[13.6167423,52.4822932],[13.61686712,52.48239755],[13.61700355,52.48251052],[13.61704209,52.48254243],[13.61718705,52.48266251],[13.61721682,52.48268717],[13.61737114,52.48281385],[13.61739164,52.48283204],[13.61755457,52.48296573],[13.61756654,52.48297697],[13.61773662,52.48311791],[13.61774143,52.48312189],[13.61791614,52.48326671],[13.61792052,52.48327026],[13.61810398,52.48342222],[13.61812681,52.48344111],[13.61830048,52.48358496],[13.61843167,52.48369193],[13.61871932,52.48393061],[13.61879034,52.48399056],[13.61892307,52.48409871],[13.61896501,52.48413526],[13.61911095,52.48425418],[13.61913873,52.48427855],[13.61928157,52.48439508],[13.61931378,52.4844234],[13.619438,52.48452642],[13.61948937,52.4845688],[13.61959562,52.48465647],[13.61966477,52.48471355],[13.61975332,52.4847866],[13.61983947,52.48485814],[13.6199148,52.48491947],[13.62001463,52.48500397],[13.620072,52.48504966],[13.62019835,52.48515609],[13.62022922,52.48517985],[13.62038018,52.48530651],[13.62050971,52.48541376],[13.6205117,52.48541541],[13.62064822,52.48552845],[13.6207744,52.48563335],[13.62085603,52.48569987],[13.62096678,52.48579242],[13.62107392,52.48588029],[13.62115938,52.48595144],[13.62125136,52.48602722],[13.62135189,52.48611063],[13.62141239,52.48616057],[13.62154357,52.48626936],[13.62156052,52.48628341],[13.62169105,52.48639187],[13.62173539,52.48642872],[13.62182183,52.48650021],[13.62192776,52.4865878],[13.62197938,52.48663005],[13.62212012,52.48674688],[13.62231172,52.48690556],[13.62232812,52.48691903],[13.62250254,52.48706372],[13.62250434,52.48706509],[13.62269648,52.48722423],[13.62285216,52.48735316],[13.62302664,52.48749767],[13.62315849,52.48760603],[13.62332429,52.48774339],[13.62348866,52.48787955],[13.62352957,52.48791246],[13.62365278,52.4880155],[13.62370374,52.48805705],[13.62381718,52.48815168],[13.62387782,52.48820158],[13.6239812,52.48828756],[13.62405228,52.48834648],[13.6241453,52.48842349],[13.62422662,52.48849134],[13.62430912,52.48855919],[13.62440142,52.48863611],[13.62447382,52.48869563],[13.62457638,52.48878165],[13.62463805,52.48883165],[13.62475142,52.48892574],[13.62480234,52.48896775],[13.62491953,52.48906557],[13.62496642,52.48910365],[13.62513598,52.4892441],[13.62516826,52.48927083],[13.6252668,52.48935246],[13.62565931,52.48967841],[13.62583397,52.48982298],[13.62600877,52.48996783],[13.62618337,52.49011243],[13.62635811,52.49025698],[13.6265332,52.4904015],[13.62670801,52.49054611],[13.62688282,52.49069074],[13.62705763,52.49083535],[13.62723241,52.49097996],[13.62740722,52.49112459],[13.62758202,52.49126919],[13.62796302,52.49158439],[13.62809491,52.49169359],[13.62843134,52.49197232],[13.62860639,52.4921165],[13.628781,52.49226127],[13.6289558,52.49240616],[13.6295764,52.49292041],[13.62960868,52.49294717],[13.62971774,52.49303712],[13.62937202,52.49307999],[13.62929915,52.49308904],[13.62744495,52.49331908],[13.62683765,52.49341167],[13.6258443,52.49360473],[13.6254864,52.493709],[13.62534856,52.49374863],[13.62400604,52.49419824],[13.62402828,52.49424075],[13.62444351,52.49503388],[13.62444917,52.49504541],[13.6249558,52.49581697],[13.62500308,52.4958891],[13.62516113,52.49612983],[13.62575797,52.4970557],[13.62597933,52.49745886],[13.6260004,52.49749767],[13.6263347,52.49811353],[13.6265799,52.49866355],[13.62676648,52.49907094],[13.62700698,52.4997229],[13.62700755,52.49972468],[13.62702532,52.49978036],[13.62706035,52.49988929],[13.6272114,52.50037666],[13.62764859,52.50191053],[13.62785004,52.50258894],[13.62799063,52.50306235],[13.62804681,52.5032486],[13.62809068,52.50340503],[13.62811332,52.50346937],[13.62815078,52.50357469],[13.62839989,52.50428095],[13.62875646,52.50521661],[13.62889964,52.50555606],[13.62890063,52.50555798],[13.6289454,52.50564484],[13.62895516,52.50566374],[13.62896487,52.5056826],[13.62896558,52.50568401],[13.62901115,52.50577243],[13.62920572,52.50614994],[13.62930301,52.50632945],[13.62934385,52.50640601],[13.62939493,52.50650021],[13.62946503,52.50663043],[13.62951303,52.50672006],[13.62956897,52.50679798],[13.62968721,52.50696262],[13.62980552,52.50712738],[13.62992384,52.50729214],[13.63004215,52.5074569],[13.63010202,52.50754027],[13.63025231,52.50775098],[13.63034069,52.50787492],[13.63051284,52.50811627],[13.63054429,52.50816025],[13.63069155,52.50836687],[13.63077374,52.50848213],[13.63088091,52.50863239],[13.630988,52.50878254],[13.63103501,52.50884848],[13.63109298,52.50893252],[13.63119844,52.5090849],[13.63130383,52.50923721],[13.63143482,52.50942645],[13.63171417,52.50982606],[13.6317151,52.50982738],[13.63174056,52.50986384],[13.63178093,52.50992171],[13.63179918,52.50994792],[13.63180108,52.50995065],[13.63206432,52.51032875],[13.63213208,52.51042496],[13.63218513,52.51049442],[13.6323108,52.51065896],[13.63243631,52.51082333],[13.63256207,52.51098801],[13.63267348,52.51113389],[13.63300366,52.51154119],[13.63305322,52.51160233],[13.63306984,52.51162201],[13.63310284,52.51166353],[13.63313862,52.51170767],[13.63335722,52.51194945],[13.6334171,52.51201469],[13.6335612,52.51217163],[13.63370525,52.5123285],[13.63384886,52.51248502],[13.63399294,52.51264173],[13.63413707,52.51279848],[13.63418052,52.51284574],[13.63430324,52.51294819],[13.63447859,52.51309459],[13.63459762,52.51319429],[13.63481826,52.51337845],[13.63520175,52.51369858],[13.63523582,52.51372701],[13.63535411,52.51382576],[13.63538584,52.51385224],[13.63546444,52.51391758],[13.63548057,52.51393131],[13.63578043,52.51421595],[13.63597052,52.51435265],[13.63640682,52.51466283],[13.63648463,52.51471564],[13.63660404,52.5147967],[13.63660723,52.51479886],[13.63692002,52.51501115],[13.6371015,52.51513434],[13.63731181,52.5152602],[13.63739045,52.51530742],[13.63740423,52.51531554],[13.63763095,52.51544914],[13.63786214,52.51558536],[13.63802177,52.51567938],[13.63809169,52.51572264],[13.63831725,52.5158622],[13.63854283,52.51600176],[13.63876841,52.51614132],[13.63891373,52.51623123],[13.63899413,52.51628081],[13.63940576,52.51653467],[13.63952087,52.51660565],[13.63964467,52.51668201],[13.63969453,52.51671854],[13.63985544,52.51683643],[13.64000766,52.51694795],[13.64016328,52.51706197],[13.64024026,52.51711837],[13.64033538,52.51718297],[13.64037486,52.51720965],[13.64062466,52.51737911],[13.64087287,52.51754751],[13.6411211,52.5177159],[13.64136943,52.51788436],[13.64140823,52.51791069],[13.64160978,52.5180334],[13.64187233,52.51819324],[13.64213509,52.51835321],[13.64239786,52.51851318],[13.64245875,52.51855026],[13.64262884,52.51862877],[13.64292485,52.51876542],[13.64322087,52.51890207],[13.643517,52.51903877],[13.64403514,52.51927796],[13.64403938,52.51927994],[13.64410083,52.5193083],[13.64421709,52.51936185],[13.64443792,52.51946385],[13.6446527,52.51956305],[13.64488874,52.51967193],[13.64512501,52.51978097],[13.64536118,52.51988996],[13.64559729,52.51999912],[13.64580833,52.52009658],[13.64583356,52.52010804],[13.64606953,52.52021706],[13.646282,52.52031505],[13.64649452,52.52041302],[13.64694055,52.52061882],[13.6469605,52.52062714],[13.64698419,52.52063802],[13.64700918,52.52064953],[13.64710316,52.52068809],[13.6471282,52.52069835],[13.647172,52.52071588],[13.6471941,52.52072553],[13.64749617,52.52084991],[13.6477404,52.52095042],[13.647985,52.52105134],[13.64804902,52.5210778],[13.64827026,52.5211691],[13.64855632,52.52128719],[13.64862097,52.52131364],[13.64865299,52.52132675],[13.64872988,52.52135821],[13.64874844,52.52136581],[13.64898157,52.52146197],[13.64920603,52.52155444],[13.64929239,52.52158987],[13.64943759,52.52164825],[13.6494515,52.52165412],[13.6496803,52.52174694],[13.64969658,52.52175411],[13.64992532,52.5218466],[13.64994171,52.52185393],[13.6501695,52.52194589],[13.65021962,52.52196619],[13.65043284,52.52205288],[13.65050785,52.5220835],[13.65063841,52.5221365],[13.65078547,52.5221965],[13.65087981,52.5222348],[13.65129054,52.52240195],[13.65164694,52.5225467],[13.65170221,52.52256916],[13.65173889,52.52258407],[13.65177711,52.5225991],[13.65183189,52.5226214],[13.65211761,52.52273829],[13.65212809,52.52274195],[13.65230482,52.52281397],[13.65237341,52.52284192],[13.65249172,52.52289031],[13.65261868,52.52294167],[13.65267697,52.52296541],[13.65285981,52.52303985],[13.6528644,52.52304152],[13.65309759,52.52313653],[13.65322069,52.52318673],[13.65340358,52.52326081],[13.6535793,52.52333233],[13.65358555,52.5233348],[13.65368804,52.5233772],[13.65395176,52.52348405],[13.65397415,52.52349376],[13.6542458,52.52360442],[13.65433777,52.52364088],[13.65451281,52.52371319],[13.65471655,52.52379616],[13.65477592,52.52381954],[13.65490024,52.52387118],[13.65502653,52.52392339],[13.65506629,52.52394057],[13.65508379,52.52394864],[13.65527054,52.52403432],[13.65535415,52.52407285],[13.65545562,52.52412445],[13.65554039,52.52416766],[13.65564228,52.52421959],[13.65564589,52.52422144],[13.65574878,52.5242817],[13.65586114,52.52434897],[13.65601323,52.52443892],[13.65616274,52.52452884],[13.65636997,52.52465356],[13.65658055,52.52478086],[13.65680635,52.52491551],[13.65690746,52.52497634],[13.65692728,52.5249891],[13.65700815,52.52503835],[13.65742316,52.52529057],[13.65760142,52.52539924],[13.65772123,52.52547232],[13.6577435,52.52548581],[13.65811096,52.52570348],[13.65815024,52.52572656],[13.65849306,52.52594016],[13.65850153,52.52594505],[13.65846696,52.52601295],[13.65840753,52.52609192],[13.65821579,52.52623764],[13.65809308,52.52638052],[13.65803206,52.52652868],[13.65797781,52.52679687],[13.6577928,52.5272336],[13.65778351,52.52730087],[13.65769927,52.52743228],[13.65755575,52.52774837],[13.65736491,52.52840997],[13.65730221,52.52850211],[13.65725193,52.52871704],[13.65722681,52.52882451],[13.65721079,52.52891034],[13.656911,52.52983703],[13.656899,52.52983703],[13.65600916,52.52983031],[13.65555397,52.52982662],[13.65544296,52.52982603],[13.65533147,52.529825],[13.65498565,52.52982257],[13.65470122,52.5298212],[13.65464557,52.52982081],[13.65440647,52.5298148],[13.6541119,52.52980738],[13.65406467,52.5298062],[13.65381725,52.52979653],[13.65375157,52.52979375],[13.65352158,52.52978681],[13.65322752,52.52977776],[13.65312733,52.5297749],[13.6527444,52.52977905],[13.65262341,52.5297838],[13.65244597,52.52979018],[13.65219454,52.52979894],[13.65201669,52.52980562],[13.65183483,52.52981196],[13.65172091,52.52981409],[13.65154864,52.52981732],[13.65144177,52.52981531],[13.65116259,52.52980932],[13.6509838,52.52980548],[13.65088403,52.52979959],[13.65059097,52.52978244],[13.65029704,52.52976524],[13.65003338,52.52974937],[13.64976926,52.52973395],[13.64971869,52.529731],[13.64955892,52.52972168],[13.64947597,52.52971476],[13.64921313,52.52969285],[13.64908837,52.52968247],[13.64894974,52.52967197],[13.64868657,52.52965202],[13.64853669,52.52964066],[13.64843699,52.52964151],[13.64835465,52.52964223],[13.64818227,52.52964468],[13.64792952,52.52964936],[13.64778102,52.52965189],[13.64763032,52.52965467],[13.64704474,52.5296661],[13.64693377,52.52966764],[13.6468228,52.52966977],[13.6462866,52.52967967],[13.64625493,52.52968017],[13.64600932,52.52970161],[13.64597899,52.5297042],[13.64573188,52.52972559],[13.64570182,52.5297281],[13.64545519,52.52974979],[13.64542408,52.52975242],[13.64517778,52.5297741],[13.64514645,52.52977683],[13.64490123,52.52979831],[13.64486879,52.52980119],[13.64462367,52.52982261],[13.64459143,52.5298256],[13.64455709,52.52982857],[13.64434623,52.52984326],[13.64431308,52.52984551],[13.64406807,52.52986256],[13.64403508,52.5298649],[13.64378992,52.52988237],[13.64375705,52.52988471],[13.64368133,52.5298901],[13.6435168,52.52992614],[13.643387,52.52995428],[13.64299099,52.53004188],[13.64294417,52.53005222],[13.64290484,52.53006091],[13.64275115,52.53009489],[13.64271634,52.53010257],[13.64269502,52.53010729],[13.6426503,52.53011718],[13.64176807,52.5303041],[13.64172106,52.53031412],[13.64168198,52.53032244],[13.64140109,52.53034824],[13.64111105,52.53037643],[13.64076763,52.5304098],[13.64067882,52.53041749],[13.6406309,52.53042191],[13.64058518,52.5304229],[13.63978645,52.53044864],[13.63976516,52.53044967],[13.63940155,52.5304574],[13.63910652,52.53046461],[13.63888487,52.53046966],[13.63880969,52.53047142],[13.6385533,52.53047731],[13.63851499,52.53047815],[13.63827016,52.53048376],[13.63823449,52.53048515],[13.63795338,52.53048897],[13.63788937,52.53048971],[13.63767003,52.53049326],[13.63753627,52.53049419],[13.63740472,52.53049699],[13.63679326,52.53050577],[13.6367638,52.53050589],[13.63670328,52.53050586],[13.63658991,52.53050581],[13.63598864,52.53049673],[13.63585818,52.53049445],[13.63575312,52.53049321],[13.63556317,52.53049109],[13.63545219,52.53049002],[13.63526832,52.53048771],[13.63515604,52.53048666],[13.63497331,52.53048435],[13.63485994,52.53048331],[13.6346778,52.53048106],[13.63456315,52.53047976],[13.63440582,52.53047797],[13.6343755,52.53047903],[13.63426789,52.53048299],[13.63410312,52.53048845],[13.6339729,52.53049333],[13.63382995,52.53049831],[13.63355613,52.53050798],[13.63303308,52.53052655],[13.63291385,52.53053047],[13.63278776,52.53053489],[13.63232878,52.53054862],[13.63206207,52.53055669],[13.63183739,52.53056365],[13.63175026,52.53056627],[13.63155915,52.53057216],[13.63148929,52.53056674],[13.63145505,52.53056409],[13.63086774,52.53051852],[13.63069001,52.53050473],[13.63017541,52.5304648],[13.63004306,52.53045365],[13.6299124,52.53044352],[13.62980286,52.53043464],[13.62979449,52.53043415],[13.62974966,52.53043035],[13.62960331,52.53041617],[13.62956295,52.53041227],[13.62954768,52.53041074],[13.62930033,52.53038671],[13.62921421,52.53037849],[13.62905209,52.53036456],[13.62892165,52.53035312],[13.62880162,52.5303426],[13.62862747,52.53032745],[13.62847262,52.53031398],[13.62833807,52.53030202],[13.62831164,52.53029997],[13.62813224,52.53028437],[13.62804602,52.53027652],[13.62787134,52.53026166],[13.62746341,52.5302264],[13.62715346,52.5301992],[13.62712327,52.53019596],[13.6268113,52.53016919],[13.62677504,52.53016617],[13.62673618,52.53012746],[13.62671864,52.53013375],[13.62640527,52.5302517],[13.62600574,52.53040208],[13.62594121,52.53035742],[13.62581743,52.53027241],[13.62568842,52.53018357],[13.62550794,52.53088685],[13.62550314,52.53090534],[13.62547553,52.53101187],[13.6253766,52.5313936],[13.62533071,52.5315714],[13.62528518,52.53174916],[13.62523964,52.53192692],[13.62513006,52.53234707],[13.62511624,52.53240001],[13.62495164,52.53303928],[13.62494027,52.53308364],[13.62490748,52.53321152],[13.62486689,52.5333684],[13.62481115,52.53358459],[13.62486872,52.53361265],[13.6249264,52.53364072],[13.62515644,52.53375286],[13.62538658,52.53386502],[13.62570449,52.53402001],[13.62574391,52.53403916],[13.6257071,52.53420146],[13.6257008,52.53423603],[13.62560801,52.53464358],[13.62557786,52.53477165],[13.62555128,52.53488891],[13.62550053,52.53511563],[13.62545056,52.53533507],[13.62541011,52.5355133],[13.62536966,52.53569155],[13.6253295,52.53586942],[13.62528885,52.53604775],[13.62524822,52.53622607],[13.62520781,52.53640398],[13.62515383,52.53664164],[13.62510006,52.53687861],[13.62501661,52.53724641],[13.62482847,52.5380778],[13.62482221,52.53810551],[13.62488166,52.53805153],[13.62500209,52.53798588],[13.62512859,52.53792765],[13.62529087,52.53788618],[13.62532233,52.53787767],[13.6253896,52.53786461],[13.625515,52.5378399],[13.62570194,52.53778819],[13.62573876,52.53777792],[13.6258471,52.5377661],[13.62597147,52.53775257],[13.62619436,52.53770065],[13.62631818,52.53767181],[13.62639326,52.53766219],[13.62651669,52.53764916],[13.62659203,52.53764559],[13.62670975,52.53764001],[13.62693342,52.53759175],[13.62702888,52.53757906],[13.62707725,52.53757262],[13.62742921,52.53750686],[13.62753894,52.53748532],[13.62792479,52.53751992],[13.62794284,52.53752513],[13.62797272,52.53752508],[13.6280215,52.53752946],[13.62807312,52.5375347],[13.62812186,52.5375445],[13.62822132,52.53756984],[13.62839089,52.53763632],[13.62847099,52.53767658],[13.62850795,52.537698],[13.62859409,52.53775526],[13.62859492,52.53775596],[13.62885812,52.53797743],[13.62899672,52.53793151],[13.62956162,52.53782112],[13.63058317,52.53762149],[13.63061358,52.53762499],[13.63065343,52.53765379],[13.63088928,52.53779059],[13.6316102,52.53800161],[13.63279528,52.53779218],[13.6330895,52.53780213],[13.63311517,52.53785187],[13.63312358,52.53786821],[13.63319647,52.53785436],[13.63338827,52.53781793],[13.63372324,52.53770186],[13.63394571,52.53765274],[13.63416364,52.53802768],[13.63440342,52.53797494],[13.63438482,52.53794438],[13.63450734,52.53791764],[13.6345176,52.53793519],[13.63455439,52.5379278],[13.63474754,52.53825774],[13.63490459,52.53822375],[13.63492608,52.53824396],[13.63497368,52.53828981],[13.63517163,52.53848156],[13.63551067,52.53881038],[13.63574885,52.53904768],[13.63601338,52.53932181],[13.63622262,52.53953865],[13.63626342,52.53957208],[13.63637094,52.53966404],[13.63656543,52.53986643],[13.6367593,52.54003807],[13.63711279,52.54039013],[13.63737141,52.54065314],[13.63764579,52.54092074],[13.63737306,52.54225422],[13.63701393,52.54224882],[13.63646261,52.54224054],[13.6356264,52.54227858],[13.63558034,52.54228068],[13.63553535,52.54228897],[13.63545024,52.54230468],[13.6347367,52.54264336],[13.6343992,52.54282476],[13.63398304,52.54286779],[13.6261044,52.54358865],[13.62535323,52.54365347],[13.62491294,52.54369009],[13.62428193,52.54374255],[13.62348806,52.54380856],[13.62331422,52.54381706],[13.62012763,52.54409219],[13.61979665,52.54412076],[13.61871352,52.54421425],[13.61059666,52.54556482],[13.60553272,52.54641223],[13.60471765,52.54654883],[13.60404933,52.54665952],[13.60328784,52.5467894],[13.60183706,52.54703174],[13.59295118,52.54852295],[13.59004263,52.54901089],[13.58907547,52.5491756],[13.58764346,52.54941374],[13.58757172,52.54942565],[13.58741166,52.54945241],[13.5868001,52.54967007],[13.58676866,52.54968126],[13.58674345,52.54969023],[13.58668286,52.5497118],[13.58654906,52.54975942],[13.58641092,52.54978048],[13.58638188,52.54978497],[13.58638367,52.54993543],[13.58638718,52.54995204],[13.58640832,52.55000169],[13.58648374,52.55017961],[13.58656132,52.5504294],[13.58660836,52.55054911],[13.58682859,52.55095142],[13.58687539,52.5510373],[13.58690755,52.55112186],[13.5869286,52.55117598],[13.58692929,52.551235],[13.58692239,52.55139916],[13.58692438,52.55149559],[13.58692754,52.55157621],[13.58692686,52.55167141],[13.58695168,52.55173535],[13.58702073,52.55183511],[13.58709878,52.55192666],[13.58718174,52.55204696],[13.58729672,52.55226309],[13.58733868,52.55231943],[13.58745972,52.55242515],[13.58754345,52.55256662],[13.58765363,52.55291129],[13.58768109,52.55312775],[13.58777083,52.55332819],[13.58778414,52.55341436],[13.58777366,52.55351228],[13.58778491,52.55361498],[13.58774783,52.55378337],[13.58770639,52.55387772],[13.58774876,52.5540929],[13.5877214,52.55430095],[13.58774865,52.55458963],[13.58772066,52.55472503],[13.58772815,52.55488812],[13.58770047,52.55509146],[13.58763529,52.55522222],[13.5876002,52.55562363],[13.58749529,52.55581977],[13.5874913,52.55594496],[13.58735193,52.5562091],[13.58689211,52.55671576],[13.58676727,52.55694683],[13.58667965,52.55717364],[13.58662507,52.5574132],[13.5866114,52.55743868],[13.58647863,52.55769115],[13.58632212,52.55784115],[13.58562918,52.5584794],[13.58548822,52.55857977],[13.58542055,52.55861857],[13.5853739,52.55867303],[13.58530819,52.55871361],[13.58510928,52.55887218],[13.58504393,52.55892054],[13.58488521,52.55908239],[13.58486043,52.55913497],[13.58470764,52.5593126],[13.58462144,52.55946567],[13.58443136,52.55985696],[13.58444964,52.56025448],[13.58442821,52.56057158],[13.58432568,52.56126158],[13.58418061,52.56162215],[13.58399583,52.56213648],[13.58394398,52.56228626],[13.5838338,52.5625962],[13.58383054,52.56260671],[13.58382039,52.56282958],[13.58380914,52.56301791],[13.58387248,52.56341172],[13.58387127,52.56342641],[13.58390051,52.56351195],[13.58393339,52.56361066],[13.5839426,52.56367195],[13.58393338,52.56376169],[13.58387002,52.56393181],[13.5837399,52.56414651],[13.58365382,52.56427172],[13.58338355,52.56468355],[13.58332054,52.56484228],[13.58316812,52.56521307],[13.58315891,52.56529182],[13.5831666,52.56535068],[13.58321082,52.56545286],[13.58322711,52.56551446],[13.58323177,52.56558431],[13.58313603,52.56583653],[13.58310615,52.56598303],[13.58312062,52.56606381],[13.5831909,52.56628382],[13.58340068,52.5666822],[13.58342137,52.56673586],[13.58342845,52.56677511],[13.58341854,52.56726874],[13.5834167,52.56740838],[13.58336048,52.56767866],[13.58334625,52.56774704],[13.58329378,52.56783211],[13.58324073,52.56791472],[13.58314592,52.56808485],[13.58315397,52.56817381],[13.58308523,52.56822173],[13.58309588,52.56828086],[13.58304187,52.56832186],[13.58298143,52.56843033],[13.58290984,52.56853506],[13.58294979,52.56857654],[13.58282377,52.56884458],[13.58255936,52.5692045],[13.58253333,52.5692959],[13.58248356,52.56938522],[13.582419,52.56953415],[13.5823509,52.56961967],[13.58223929,52.56980531],[13.58219979,52.56996226],[13.58208781,52.57009562],[13.58209068,52.57017404],[13.58195351,52.57035248],[13.58188557,52.57046555],[13.58187462,52.57052972],[13.58184132,52.57058924],[13.58178569,52.57064412],[13.58174874,52.57074086],[13.58170567,52.57079836],[13.58159973,52.57089026],[13.58159492,52.5709462],[13.58155329,52.5710253],[13.58154538,52.57104033],[13.58154211,52.57110609],[13.58136119,52.57110655],[13.58122832,52.57110752],[13.58059401,52.57111107],[13.58027609,52.57111285],[13.5798485,52.57111523],[13.57915849,52.57111908],[13.57884491,52.5711209],[13.57853303,52.57112268],[13.57788733,52.57112635],[13.57781391,52.57124346],[13.57770874,52.57141115],[13.57763874,52.57152279],[13.57759897,52.57160458],[13.57749436,52.57181971],[13.57742604,52.57196023],[13.57737444,52.57206633],[13.57733613,52.57214509],[13.57713412,52.57256052],[13.57709164,52.57264715],[13.57696816,52.57290182],[13.57673583,52.57300926],[13.5762286,52.57324347],[13.57582275,52.57343086],[13.57575091,52.57346416],[13.57574562,52.57346659],[13.57508001,52.57377408],[13.57497163,52.57383435],[13.57483277,52.57380335],[13.57469001,52.57377979],[13.57469206,52.57383206],[13.5746923,52.57383819],[13.57371912,52.57365463],[13.57353158,52.57361947],[13.57337684,52.57358956],[13.57304326,52.57352697],[13.57283519,52.57349019],[13.57261859,52.57345191],[13.57232972,52.57339979],[13.57204611,52.5733496],[13.57180637,52.5733071],[13.57150471,52.5732535],[13.57140849,52.57323603],[13.57126155,52.57324407],[13.57093766,52.57326178],[13.57047811,52.5732869],[13.57006774,52.57330933],[13.57001889,52.57331204],[13.56935475,52.57334888],[13.56929636,52.57335125],[13.56918849,52.57335869],[13.5690833,52.57336644],[13.56915885,52.57308242],[13.56894646,52.5730906],[13.5688405,52.57309438],[13.56857165,52.57310397],[13.56849707,52.57339802],[13.56836473,52.57362364],[13.56827244,52.57378561],[13.56788019,52.5742833],[13.56784683,52.57432561],[13.56775217,52.57444586],[13.56773329,52.57446995],[13.56772044,52.57448621],[13.56770477,52.57450911],[13.56742433,52.57485873],[13.56727192,52.575036],[13.56704916,52.5752951],[13.56691089,52.57545595],[13.5668981,52.57547079],[13.56680157,52.57564218],[13.56674972,52.57573421],[13.56650197,52.57617396],[13.56641079,52.57625727],[13.56623574,52.57641718],[13.56588696,52.57673576],[13.56563131,52.57696931],[13.5652077,52.57735627],[13.56465981,52.57802922],[13.56452295,52.57819732],[13.56428327,52.5783797],[13.56361092,52.57889104],[13.56358711,52.57891191],[13.56332764,52.57910414],[13.56324154,52.57917957],[13.56319617,52.57921931],[13.56309184,52.57931073],[13.5627097,52.57964542],[13.56258478,52.57975721],[13.56245974,52.5798691],[13.56231799,52.57999594],[13.5623014,52.58001079],[13.56215279,52.58014378],[13.56206227,52.58022478],[13.56205437,52.58023183],[13.56186116,52.58038612],[13.56185554,52.58039079],[13.56172816,52.5804629],[13.56156755,52.58054481],[13.5612965,52.58070748],[13.56106374,52.5808805],[13.56090221,52.58099825],[13.56055957,52.58124804],[13.56037586,52.58136408],[13.55997752,52.58161566],[13.55977966,52.58174062],[13.55688733,52.58335137],[13.5568816,52.58337961],[13.55606926,52.58377863],[13.55578593,52.58391778],[13.5554721,52.5841502],[13.55520928,52.58426239],[13.55491918,52.58438298],[13.55418679,52.58468743],[13.55389889,52.58483137],[13.5532908,52.58512762],[13.55267088,52.58540575],[13.55264889,52.5854157],[13.55175114,52.58581947],[13.55171268,52.58583675],[13.55095021,52.58614278],[13.55018465,52.58644894],[13.54991497,52.58656429],[13.54964577,52.58666122],[13.54950182,52.58671306],[13.54794215,52.58728998],[13.54698688,52.58764328],[13.54710317,52.58781971],[13.54712517,52.58785308],[13.54510625,52.58833149],[13.54306298,52.58881562],[13.54303215,52.58882292],[13.54279328,52.58887942],[13.54166807,52.5891461],[13.54148702,52.58918597],[13.54126453,52.58923644],[13.54101385,52.58929239],[13.54077975,52.58934428],[13.540765,52.58934749],[13.5405199,52.58940203],[13.54050246,52.58940586],[13.54026673,52.58945836],[13.54022547,52.58946769],[13.5400172,52.58951387],[13.54000337,52.58951695],[13.53994804,52.58952932],[13.5397706,52.58956879],[13.53958876,52.58960905],[13.53951905,52.58962418],[13.53929478,52.58967438],[13.5392697,52.58968],[13.53908581,52.58972098],[13.53900435,52.58973912],[13.53875775,52.58979372],[13.53849779,52.589852],[13.5384874,52.58985413],[13.53845772,52.58986053],[13.53837003,52.58988056],[13.53836002,52.58988303],[13.53795074,52.58997542],[13.53777217,52.59001546],[13.53770805,52.59003002],[13.53764219,52.59004482],[13.53745835,52.59008612],[13.53739422,52.5901007],[13.53721078,52.59014204],[13.53717293,52.59015],[13.53705552,52.59017661],[13.53695869,52.59019833],[13.53671247,52.59025342],[13.53646251,52.59030969],[13.53645673,52.590311],[13.53621709,52.59036476],[13.53596604,52.59042118],[13.53589409,52.59043769],[13.53577621,52.59046415],[13.53571283,52.59047799],[13.53547044,52.59053272],[13.53523155,52.5905865],[13.53472114,52.59070088],[13.53468911,52.59070863],[13.53463053,52.59072173],[13.53457159,52.59073512],[13.53455485,52.59073862],[13.53402898,52.59085641],[13.53401282,52.59086],[13.53376715,52.59091397],[13.53351802,52.59096764],[13.5332659,52.59102237],[13.53301504,52.59107711],[13.53276242,52.5911318],[13.5325116,52.59118683],[13.53226282,52.59124144],[13.53201269,52.59129528],[13.53176244,52.59135001],[13.53151138,52.59140486],[13.53149177,52.59140905],[13.53126196,52.5914591],[13.53101293,52.59151318],[13.53076337,52.59156738],[13.53051187,52.59162162],[13.53026302,52.5916757],[13.52986238,52.59176291],[13.52972154,52.59179341],[13.52958345,52.5918234],[13.52906133,52.59193697],[13.5289717,52.59195755],[13.52872172,52.5920122],[13.52847205,52.59206537],[13.52838688,52.59208389],[13.52822153,52.59212016],[13.52797172,52.59217407],[13.52769402,52.59223531],[13.52756681,52.59223449],[13.52738087,52.59223329],[13.52732494,52.59223293],[13.52729544,52.59223274],[13.52718404,52.59223117],[13.52618989,52.59236407],[13.52516824,52.59248077],[13.52413129,52.59260204],[13.52308006,52.59272482],[13.52287882,52.59274846],[13.52192017,52.59270884],[13.52165417,52.59269881],[13.52073551,52.59265978],[13.52057699,52.59265323],[13.52026026,52.59264029],[13.51994707,52.59262749],[13.519741,52.5926189],[13.51963282,52.59261459],[13.51917429,52.59259602],[13.51900493,52.59258985],[13.5186869,52.59257628],[13.5183799,52.59256378],[13.51806624,52.5925512],[13.51771469,52.59253725],[13.51738474,52.59252438],[13.51668464,52.59249627],[13.51565137,52.59245521],[13.51461534,52.59241426],[13.51394536,52.59238662],[13.51281989,52.5923386],[13.5102501,52.5922289],[13.51002076,52.59221911],[13.50978539,52.59220905],[13.5095556,52.59219924],[13.50931332,52.59218889],[13.50880296,52.59216709],[13.50849446,52.59215391],[13.50811864,52.59213785],[13.50763501,52.5928492],[13.50635496,52.59473176],[13.50617387,52.5949972],[13.50608564,52.5951269],[13.50570606,52.59568498],[13.50519033,52.59644312],[13.5051761,52.59646289]],[[13.43362386,52.64213201],[13.43399463,52.64216321],[13.43404516,52.64216747],[13.43392549,52.64198172],[13.43379299,52.64194658],[13.43358504,52.64189144],[13.43362386,52.64213201]]]]},"geometry_name":"geom","properties":{"name":"11","namlan":"Berlin","lan":"11"},"bbox":[13.0883476,52.33824557,13.76115913,52.6755077]}]}